Province_State,Country_Region,Lat,Long_,Confirmed,Deaths,Recovered,Active,Population,Incident_Rate,Case_Fatality_Ratio
,Afghanistan,33.93911,67.709953,56454,2484,51550.0,2420.0,38928341.0,145.0203079550706,4.400042512488043
,Albania,41.1533,20.1683,125157,2235,91271.0,31651.0,2877799.9999999995,4349.051358676767,1.7857570890960954
,Algeria,28.0339,1.6596,117192,3093,81538.0,32561.0,43851043.0,267.2501997272904,2.6392586524677455
,Andorra,42.5063,1.5218,12010,115,11315.0,580.0,77265.0,15543.907331909662,0.9575353871773521
,Angola,-11.2027,17.8739,22311,537,20493.0,1281.0,32866268.0,67.88419056279831,2.406884496436735
,Antigua and Barbuda,17.0608,-61.7964,1136,28,820.0,288.0,97927.99999999999,1160.035944775754,2.464788732394366
,Argentina,-38.4161,-63.6167,2348821,55858,2102616.0,190347.0,45195777.0,5196.99218800907,2.378129282733763
,Armenia,40.0691,45.0382,192639,3515,173064.0,16060.0,2963234.0,6500.971573625303,1.8246564818131323
,Austria,47.5162,14.5501,546229,9339,501116.0,35774.0,9006400.0,6064.8982945461,1.709722479033519
,Azerbaijan,40.1431,47.5769,261713,3567,238125.0,20021.0,10139175.000000002,2581.206064595985,1.3629433769052357
,Bahamas,25.025885,-78.035889,9119,188,8597.0,334.0,393247.99999999994,2318.892912360648,2.061629564645246
,Bahrain,26.0275,50.55,144445,521,135315.0,8609.0,1701583.0,8488.860079114565,0.3606909204195369
,Bangladesh,23.685,90.3563,611295,9046,542099.0,60150.0,164689383.0,371.18057573875296,1.4798092573961834
,Barbados,13.1939,-59.5432,3652,42,3465.0,145.0,287371.0,1270.8310859481298,1.1500547645125958
,Belarus,53.7098,27.9534,321807,2247,312320.0,7240.0,9449321.0,3405.6097787343665,0.6982446000242382
,Belize,17.1899,-88.4976,12456,317,12090.0,49.0,397621.0,3132.6313248042734,2.544958253050739
,Benin,9.3077,2.3158,7100,90,6452.0,558.0,12123198.0,58.56540493688217,1.267605633802817
,Bhutan,27.5142,90.4336,873,1,869.0,3.0,771612.0,113.13976454487488,0.11454753722794961
,Bolivia,-16.2902,-63.5887,272411,12257,221962.0,38192.0,11673028.999999998,2333.678773521423,4.499451196904677
,Bosnia and Herzegovina,43.9159,17.6791,169626,6599,130492.0,32535.0,3280815.0,5170.239711778933,3.8903234174006345
,Botswana,-22.3285,24.6849,39848,568,36958.0,2322.0,2351625.0,1694.4878541434116,1.4254165830154586
,Brunei,4.5353,114.7277,212,3,194.0,15.0,437483.0,48.4590258364325,1.4150943396226416
,Bulgaria,42.7339,25.4858,342633,13197,259561.0,69875.0,6948445.0,4931.074506598239,3.851643011618846
,Burkina Faso,12.2383,-1.5616,12717,146,12385.0,186.0,20903278.0,60.83734809439935,1.1480695132499803
,Burma,21.9162,95.956,142434,3206,131800.0,7428.0,54409794.0,261.78007584443344,2.250867068256175
,Burundi,-3.3731,29.9189,2810,6,773.0,2031.0,11890781.0,23.631753036238745,0.21352313167259787
,Cabo Verde,16.5388,-23.0418,17470,168,16277.0,1025.0,555988.0,3142.1541472118106,0.9616485403548942
,Cambodia,11.55,104.9167,2440,11,1191.0,1238.0,16718971.0,14.594199607140894,0.4508196721311476
,Cameroon,3.848,11.5021,47669,721,35261.0,11687.0,26545864.0,179.57223015984712,1.5125133734712286
,Central African Republic,6.6111,20.9394,5161,67,4957.0,137.0,4829764.0,106.85822330035172,1.2981980236388297
,Chad,15.4542,18.7322,4533,164,4140.0,229.0,16425859.0,27.596730253194064,3.6179130818442533
,Comoros,-11.6455,43.3333,3696,146,3525.0,25.0,869595.0,425.02544287858143,3.9502164502164505
,Congo (Brazzaville),-0.228,15.8277,9681,135,8208.0,1338.0,5518092.0,175.44107637205033,1.3944840409048653
,Congo (Kinshasa),-4.0383,21.7587,28142,743,25444.0,1955.0,89561404.0,31.42201745743066,2.640181934475162
,Costa Rica,9.7489,-83.7534,216764,2957,192699.0,21108.0,5094114.0,4255.185494474603,1.364156409735934
,Cote d'Ivoire,7.54,-5.5471,43889,244,40254.0,3391.0,26378274.999999996,166.38313157323594,0.5559479596254187
,Croatia,45.1,15.2,271632,5947,254379.0,11306.0,4105268.0000000005,6616.669118800526,2.1893591329445723
,Cuba,21.521757,-77.78116700000002,75263,424,70614.0,4225.0,11326616.0,664.4791348095495,0.5633578252262067
,Cyprus,35.1264,33.4299,46105,257,2057.0,43791.0,1207361.0,3818.659042324541,0.5574232729638867
,Czechia,49.8175,15.473,1532332,26421,1366461.0,139450.0,10708982.0,14308.848404077999,1.7242346958753065
,Denmark,56.2639,9.5018,230603,2419,218985.0,9199.0,5837213.0,3950.566820158867,1.04898895504395
,Djibouti,11.8251,42.5903,8002,70,6460.0,1472.0,988002.0,809.9173888311967,0.8747813046738315
,Dominica,15.415,-61.371,161,0,153.0,8.0,71991.0,223.6390659943604,0.0
,Dominican Republic,18.7357,-70.1627,252727,3325,212156.0,37246.0,10847904.0,2329.7311628126504,1.3156489017793904
,Ecuador,-1.8312,-78.1834,328755,16847,281684.0,30224.0,17643060.0,1863.367239016361,5.124484798710286
,Egypt,26.820553000000004,30.802498,202131,11995,154694.0,35442.0,102334403.0,197.52008520536344,5.934270349426857
,El Salvador,13.7942,-88.8965,64726,2006,61640.0,1080.0,6486201.0,997.9030868762778,3.0992182430553408
,Equatorial Guinea,1.6508,10.2679,6914,102,6495.0,317.0,1402985.0,492.8064091918303,1.4752675730402083
,Eritrea,15.1794,39.7823,3285,10,3029.0,246.0,3546427.000000001,92.62843983536102,0.30441400304414
,Estonia,58.5953,25.0136,106424,902,81859.0,23663.0,1326539.0,8022.68157965955,0.8475531834924454
,Eswatini,-26.5225,31.4659,17337,667,16528.0,142.0,1160164.0,1494.357694257019,3.8472630789640654
,Ethiopia,9.145,40.4897,206589,2865,158109.0,45615.0,114963583.0,179.69951406264016,1.3868114952877453
,Fiji,-17.7134,178.065,67,2,64.0,1.0,896444.0,7.473974949913213,2.9850746268656714
,Finland,61.92411,25.748151,77452,844,46000.0,30608.0,5540718.0,1397.869373608258,1.0897071734751846
,France,46.2276,2.2137,4611392,95052,264511.0,4251829.0,65249843.0,7067.284437757192,2.0612431127087003
,Gabon,-0.8037,11.6094,19550,118,16609.0,2823.0,2225728.0,878.3642924921644,0.6035805626598466
,Gambia,13.4432,-15.3101,5459,165,5070.0,224.0,2416664.0,225.88990443023937,3.0225315991939916
,Georgia,42.3154,43.3569,281761,3778,273167.0,4816.0,3989175.0,7063.139621600957,1.3408527085011765
,Ghana,7.9465,-1.0232,90583,743,88065.0,1775.0,31072945.000000004,291.51726686994095,0.8202422088029763
,Greece,39.0742,21.8243,263689,8093,93764.0,161832.0,10423055.999999998,2529.8626429715055,3.069145849845841
,Grenada,12.1165,-61.679,155,1,152.0,2.0,112519.0,137.7545125712102,0.6451612903225806
,Guatemala,15.7835,-90.2308,193834,6840,177235.0,9759.0,17915567.0,1081.9305914236484,3.5287926782710977
,Guinea,9.9456,-9.6966,19908,125,16619.0,3164.0,13132792.0,151.59000462354084,0.6278882861161342
,Guinea-Bissau,11.8037,-15.1804,3650,63,2972.0,615.0,1967997.9999999998,185.46766815819936,1.7260273972602742
,Guyana,4.860416000000002,-58.93018000000001,10249,231,9098.0,920.0,786559.0,1303.0173197433378,2.2538784271636256
,Haiti,18.9712,-72.2852,12758,252,11043.0,1463.0,11402533.0,111.88742010218256,1.9752312274651198
,Holy See,41.9029,12.4534,27,0,15.0,12.0,809.0,3337.453646477132,0.0
,Honduras,15.2,-86.2419,189043,4605,72732.0,111706.0,9904607.999999998,1908.636868819039,2.435953724813931
,Hungary,47.1625,19.5033,652433,20737,406935.0,224761.0,9660350.0,6753.720103308887,3.178410656726438
,Iceland,64.9631,-19.0208,6205,29,6058.0,118.0,341249.99999999994,1818.3150183150185,0.4673650282030621
,Indonesia,-0.7893,113.9213,1511712,40858,1348330.0,122524.0,273523621.0,552.6806037713284,2.7027634893418853
,Iran,32.427908,53.68804599999999,1885564,62665,1617333.0,205566.0,83992953.0,2244.9073793131192,3.323408805004763
,Iraq,33.223191,43.679291,850924,14323,759560.0,77041.0,40222503.0,2115.542138190654,1.68322905453366
,Ireland,53.1424,-7.6921,235854,4687,23364.0,207803.0,4937796.0,4776.503525054498,1.9872463473165605
,Israel,31.046051,34.851612,833105,6209,819665.0,7231.0,8655541.0,9625.106044786802,0.7452842078729571
,Jamaica,18.1096,-77.2975,39237,596,17598.0,21043.0,2961161.0,1325.0545985172707,1.5189744373932768
,Jordan,31.24,36.51,611577,6858,513144.0,91575.0,10203140.0,5994.007727033051,1.1213632952187542
,Kazakhstan,48.0196,66.9237,297472,5912,268564.0,22996.0,18776707.0,1584.2607545614894,1.9874139414802068
,Kenya,-0.0236,37.9062,134058,2153,92679.0,39226.0,53771300.0,249.31143565433607,1.6060212743737785
,Kosovo,42.602636,20.902977,89181,1866,74186.0,13129.0,1810366.0,4926.130959154116,2.0923739361523195
,Kuwait,29.31166,47.481766,232103,1313,216580.0,14210.0,4270563.0,5434.950848401019,0.5656971258449913
,Kyrgyzstan,41.20438,74.766098,88538,1500,84897.0,2141.0,6524191.0,1357.0724707477143,1.6941878063656282
,Laos,19.85627,102.495496,49,0,45.0,4.0,7275556.0,0.6734880468241877,0.0
,Latvia,56.8796,24.6032,102363,1899,93631.0,6833.0,1886202.0,5426.937305760464,1.8551625098912692
,Lebanon,33.8547,35.8623,468400,6234,370687.0,91479.0,6825442.0,6862.559230596347,1.3309137489325364
,Lesotho,-29.61,28.2336,10706,315,4471.0,5920.0,2142252.0,499.7544639939652,2.9422753596114326
,Liberia,6.4280550000000005,-9.429499,2053,85,1899.0,69.0,5057677.0,40.59175783665109,4.140282513395031
,Libya,26.3351,17.228331,158957,2667,147147.0,9143.0,6871287.0,2313.35119607142,1.677812238529917
,Liechtenstein,47.14,9.55,2753,56,2568.0,129.0,38137.0,7218.711487531793,2.0341445695604796
,Lithuania,55.1694,23.8813,216119,3574,199023.0,13522.0,2722291.0,7938.864728274825,1.6537185532044845
,Luxembourg,49.8153,6.1296,61642,746,57092.0,3804.0,625976.0,9847.342390123582,1.210213815255832
,Madagascar,-18.766947,46.869107,24426,418,21908.0,2100.0,27691019.0,88.20910490870705,1.7112912470318515
,Malawi,-13.2543,34.3015,33551,1117,30272.0,2162.0,19129955.0,175.38462583942302,3.3292599326398618
,Maldives,3.2028,73.2207,24079,67,21155.0,2857.0,540542.0,4454.6029725719745,0.2782507579218406
,Mali,17.570692,-3.996166000000001,10042,385,6830.0,2827.0,20250834.0,49.588081162484464,3.8338976299541923
,Malta,35.9375,14.3754,29033,392,27812.0,829.0,441539.0,6575.410099674095,1.3501877174249992
,Marshall Islands,7.1315,171.1845,4,0,4.0,0.0,58413.0,6.8477907315152455,0.0
,Mauritania,21.0079,-10.9408,17847,449,17093.0,305.0,4649660.0,383.83451693242085,2.5158289908668126
,Mauritius,-20.348404,57.552152,1028,12,643.0,373.0,1271767.0,80.83241662977574,1.1673151750972763
,Micronesia,7.4256,150.5508,1,0,1.0,0.0,113815.0,0.8786188112287484,0.0
,Moldova,47.4116,28.3699,230241,4960,207852.0,17429.0,4033963.0,5707.56350516849,2.1542644446471306
,Monaco,43.7333,7.4167,2288,28,2115.0,145.0,39244.0,5830.190602385078,1.2237762237762237
,Montenegro,42.708678000000006,19.37439,91218,1274,83498.0,6446.0,628061.9999999999,14523.725364693297,1.396654169133285
,Morocco,31.7917,-7.0926,496097,8818,483363.0,3916.0,36910558.0,1344.051748012046,1.7774749696127974
,Mozambique,-18.665695,35.529562,67579,775,56409.0,10395.0,31255435.0,216.2151958531372,1.146805960431495
,Namibia,-22.9576,18.4904,44139,523,41848.0,1768.0,2540916.0000000005,1737.129444656966,1.1848931783683365
,Nepal,28.1667,84.25,277309,3030,272786.0,1493.0,29136807.999999996,951.7480432310911,1.0926439459231398
,New Zealand,-40.9006,174.886,2501,26,2408.0,67.0,4822233.0,51.863939382439625,1.0395841663334666
,Nicaragua,12.865416,-85.207229,6677,178,4225.0,2274.0,6624554.0,100.7916910330869,2.6658679047476412
,Niger,17.607789,8.081666,5001,186,4590.0,225.0,24206636.000000007,20.65962407994237,3.719256148770246
,Nigeria,9.082,8.6753,162891,2057,151648.0,9186.0,206139587.0,79.01975664674248,1.2628076443756868
,North Macedonia,41.6086,21.7453,130022,3781,106979.0,19262.0,2083379.9999999998,6240.9162034770425,2.907969420559598
,Norway,60.472,8.4689,96079,673,17998.0,77408.0,5421242.0,1772.2691589860774,0.7004652421444854
,Oman,21.512583,55.92325500000001,159218,1678,143966.0,13574.0,5106622.0,3117.8732242174965,1.0539009408483966
,Panama,8.538,-80.7821,355051,6114,343904.0,5033.0,4314768.0,8228.739065460763,1.7220061343299977
,Papua New Guinea,-6.314993,143.95555,5991,60,846.0,5085.0,8947027.0,66.96079043910339,1.0015022533800702
,Paraguay,-23.4425,-58.4438,214667,4206,175614.0,34847.0,7132530.0,3009.6894089474563,1.9593137277737145
,Philippines,12.879721,121.774017,747288,13297,603746.0,130245.0,109581085.0,681.9498091299242,1.7793675263084645
,Poland,51.9194,19.1451,2321717,53045,1861925.0,406747.0,37846605.0,6134.544961166265,2.284731515512011
,Portugal,39.3999,-8.2245,821722,16848,778210.0,26664.0,10196707.0,8058.699735120368,2.05032845658264
,Qatar,25.3548,51.1839,179964,291,164121.0,15552.0,2881060.0,6246.450959022026,0.16169900646796026
,Romania,45.9432,24.9668,952803,23538,850672.0,78593.0,19237682.0,4952.795248408826,2.4703952443474675
,Rwanda,-1.9403,29.8739,21783,307,20182.0,1294.0,12952209.0,168.17980624000123,1.4093559197539365
,Saint Kitts and Nevis,17.357822,-62.782998,44,0,43.0,1.0,53192.0,82.7192058956234,0.0
,Saint Lucia,13.9094,-60.9789,4238,60,4142.0,36.0,183629.0,2307.914327257677,1.4157621519584709
,Saint Vincent and the Grenadines,12.9843,-61.2872,1748,10,1587.0,151.0,110947.0,1575.5270534579574,0.5720823798627002
,Samoa,-13.759,-172.1046,3,0,2.0,1.0,196130.0,1.5295977158007446,0.0
,San Marino,43.9424,12.4578,4732,84,4128.0,520.0,33938.0,13943.0726619129,1.7751479289940828
,Sao Tome and Principe,0.1864,6.6131,2223,34,2092.0,97.0,219160.99999999997,1014.32280378352,1.5294646873594242
,Saudi Arabia,23.885942,45.079162,390007,6669,378083.0,5255.0,34813867.0,1120.263370914814,1.7099693082431853
,Senegal,14.4974,-14.4524,38705,1051,37321.0,333.0,16743930.000000002,231.1583959082485,2.7154114455496705
,Serbia,44.0165,21.0059,600596,5308,0.0,595288.0,8737370.0,6873.876235068447,0.8837887698219767
,Seychelles,-4.6796,55.492,4114,20,3745.0,349.0,98339.99999999999,4183.445190156601,0.48614487117160915
,Sierra Leone,8.460555000000001,-11.779889,3980,79,2812.0,1089.0,7976984.999999999,49.89353747061077,1.984924623115578
,Slovakia,48.669,19.699,707876,9719,255300.0,442857.0,5459643.0,12965.6096561625,1.3729805785194016
,Slovenia,46.1512,14.9955,215602,4047,198524.0,13031.0,2078932.0,10370.805779121203,1.8770697859945642
,Solomon Islands,-9.6457,160.1562,19,0,18.0,1.0,652858.0,2.9102806429575803,0.0
,Somalia,5.152149,46.199616,11398,529,4819.0,6050.0,15893218.999999998,71.71611993769167,4.641165116687138
,South Africa,-30.5595,22.9375,1548157,52846,1474319.0,20992.0,59308690.0,2610.337540754989,3.4134780904003925
,South Korea,35.90775700000001,127.766922,103639,1735,95439.0,6465.0,51269183.0,202.14677499346928,1.674080220766314
,South Sudan,6.877000000000002,31.307,10165,109,9668.0,388.0,11193729.0,90.80977393681766,1.072306935563207
,Sri Lanka,7.873054,80.77179699999998,92706,568,89251.0,2887.0,21413250.0,432.93755034849914,0.6126895778051044
,Sudan,12.8628,30.2176,31833,2063,24214.0,5556.0,43849269.0,72.59642116268803,6.4806961329438
,Suriname,3.9193,-56.0278,9122,177,8598.0,347.0,586634.0,1554.972947357296,1.9403639552729663
,Switzerland,46.8182,8.2275,601124,10297,317600.0,273227.0,8654618.0,6945.702282873721,1.712957725860222
,Syria,34.802075,38.99681500000001,18909,1265,12731.0,4913.0,17500657.0,108.04737216437074,6.689936009307737
,Taiwan*,23.7,121.0,1030,10,981.0,39.0,23816775.0,4.324682917817379,0.9708737864077669
,Tajikistan,38.861,71.2761,13714,91,13218.0,405.0,9537642.0,143.7881606376083,0.6635554907393904
,Tanzania,-6.369028,34.888822,509,21,183.0,305.0,59734213.0,0.852107987092757,4.12573673870334
,Thailand,15.870032,100.992541,28863,94,26873.0,1896.0,69799978.0,41.351015898601,0.32567647160724805
,Timor-Leste,-8.874217,125.727539,604,0,189.0,415.0,1318442.0,45.81164738380604,0.0
,Togo,8.6195,0.8248,10249,109,7815.0,2325.0,8278737.0,123.7990770814437,1.0635183920382476
,Trinidad and Tobago,10.6918,-61.2225,8026,142,7615.0,269.0,1399491.0,573.494220398702,1.7692499377024669
,Tunisia,33.886917,9.537499,254018,8812,217293.0,27913.0,11818618.0,2149.303751081556,3.4690455007125482
,Turkey,38.9637,35.2433,3317182,31537,3014226.0,271419.0,84339067.0,3933.1499837435954,0.9507166022244181
,Uganda,1.373333,32.290275,40867,335,40449.0,83.0,45741000.0,89.34435189436174,0.8197323023466367
,United Arab Emirates,23.424076,53.847818,461444,1497,445355.0,14592.0,9890400.0,4665.5746986977265,0.32441639722263155
,Uruguay,-32.5228,-55.7658,105549,974,83380.0,21195.0,3473726.9999999995,3038.494389455476,0.9227941524789434
,Uzbekistan,41.377491,64.585262,82869,629,80983.0,1257.0,33469199.000000004,247.59779880002506,0.75902931132269
,Vanuatu,-15.3767,166.9592,3,0,1.0,2.0,292679.99999999994,1.0250102501025011,0.0
,Venezuela,6.4238,-66.5897,160497,1602,147846.0,11049.0,28435943.0,564.4159576490922,0.9981494981214601
,Vietnam,14.058324,108.277199,2603,35,2359.0,209.0,97338583.0,2.674170837272205,1.3446023818670765
,West Bank and Gaza,31.9522,35.2332,242353,2627,215429.0,24297.0,5101415.999999999,4750.70058979703,1.0839560475834837
,Yemen,15.552727,48.516388,4357,888,1676.0,1793.0,29825968.0,14.608075754657822,20.38099609823273
,Zambia,-13.133897,27.849332,88418,1208,84592.0,2618.0,18383955.999999996,480.95197790943377,1.366237643918659
,Zimbabwe,-19.015438,29.154857,36882,1523,34686.0,673.0,14862927.0,248.147622604888,4.12938560815574
Abruzzo,Italy,42.35122196,13.39843823,65237,2136,52969.0,10132.0,1311579.9999999998,4973.924579514784,3.2742155525238745
Acre,Brazil,-9.0238,-70.812,69657,1262,54045.0,14350.0,881935.0,7898.2011145946135,1.8117346426059118
Adygea Republic,Russia,44.6939006,40.1520421,14101,163,13365.0,573.0,453376.0,3110.2219791078487,1.1559463867810793
Aguascalientes,Mexico,21.8853,-102.2916,24880,2154,0.0,22726.0,1434635.0,1734.2390224691298,8.657556270096462
Aichi,Japan,35.035551,137.211621,27394,583,25985.0,826.0,7552239.0,362.726868151286,2.1282032561874864
Akita,Japan,39.748679,140.408228,283,6,271.0,6.0,966490.0,29.281213463150163,2.1201413427561837
Alabama,United States,32.88428035358209,-86.71012237686567,515388,10554,0.0,0.0,4903185.0,10511.290110407826,2.0477775966844396
Alagoas,Brazil,-9.5713,-36.782,153490,3554,144928.0,5008.0,3337357.0,4599.148368004981,2.3154602905726756
Alaska,United States,60.36499229642857,-148.8858794392857,62625,313,0.0,559.0,731793.0,8557.747887722348,0.49980039920159686
Alberta,Canada,53.9333,-116.5765,148332,1990,137992.0,8350.0,4442879.0,3338.6459545713487,1.3415850928997115
Altai Krai,Russia,52.6932243,82.69314240000001,47137,1832,42198.0,3107.0,2350080.0,2005.7615059912853,3.8865434796444407
Altai Republic,Russia,50.7114101,86.8572186,16655,191,16268.0,196.0,218063.0,7637.701031353325,1.1468027619333532
Amapa,Brazil,0.902,-52.003,97542,1302,72132.0,24108.0,845731.0000000001,11533.454490848744,1.3348096204711817
Amazonas,Brazil,-3.4168,-65.8561,349123,12015,298476.0,38632.0,4144597.0,8423.569287918705,3.441480509734392
Amazonas,Colombia,-1.4429,-71.5724,5858,219,5595.0,44.0,76589.0,7648.617947747066,3.7384772960054624
Amazonas,Peru,-5.077253,-78.050172,23141,788,0.0,22353.0,426800.0,5421.977507029053,3.405211529320254
Amur Oblast,Russia,52.8032368,128.437295,21887,243,20674.0,970.0,798423.9999999999,2741.27531236536,1.1102480924749851
Ancash,Peru,-9.407125,-77.67179499999997,50871,4301,0.0,46570.0,1180600.0,4308.910723361003,8.454718798529615
Andalusia,Spain,37.5443,-4.7278,505796,9206,10671.0,485919.0,8427405.0,6001.800079621188,1.8201013847480012
Andaman and Nicobar Islands,India,11.225999,92.968178,5083,62,4976.0,45.0,417036.00000000006,1218.839620560335,1.21975211489278
Andhra Pradesh,India,15.9129,79.74,901989,7217,887434.0,7338.0,53903393.0,1673.3436427647516,0.8001206223135758
Anguilla,United Kingdom,18.2206,-63.0686,25,0,21.0,4.0,15002.0,166.64444740701242,0.0
Anhui,China,31.8257,117.2264,994,6,988.0,0.0,61027171.0,1.6287826941871515,0.6036217303822937
Antioquia,Colombia,7.1986,-75.3412,374623,7016,354364.0,13243.0,6407102.0,5846.996036585651,1.8728161378238923
Antofagasta,Chile,-23.6509,-70.3975,43243,867,41196.0,1180.0,607534.0,7117.790938449535,2.004948777836875
Aomori,Japan,40.781541,140.828896,1031,20,870.0,141.0,1246371.0,82.72015314862108,1.939864209505335
Apurimac,Peru,-14.027713,-72.975378,13616,768,0.0,12848.0,430700.0,3161.3652194102624,5.64042303172738
Aragon,Spain,41.5976,-0.9057,110894,3344,3772.0,103778.0,1320586.0,8397.332699271385,3.015492271899291
Arauca,Colombia,7.0762,-70.7105,5751,173,5450.0,128.0,262174.0,2193.5813619962314,3.008172491740567
Araucania,Chile,-38.9489,-72.3311,54915,671,51266.0,2978.0,957224.0,5736.90170743734,1.221888372939998
Arequipa,Peru,-15.843524,-72.475539,65386,5841,0.0,59545.0,1497400.0,4366.635501535996,8.933104946012909
Arica y Parinacota,Chile,-18.594,-69.4785,17399,350,16499.0,550.0,226068.0,7696.356848381903,2.0116098626357837
Arizona,United States,33.675903642,-111.46323212666667,841811,16967,0.0,0.0,7278717.000000001,11565.376150769427,2.015535553705048
Arkansas,United States,34.911889390266666,-92.4339782684,327607,5626,0.0,0.0,3017804.0,10855.807733040316,1.717301522861233
Arkhangelsk Oblast,Russia,63.5589686,43.1221646,59687,825,55265.0,3597.0,1155028.0,5167.580353030403,1.3822105316065476
Aruba,Netherlands,12.5211,-69.9683,9443,86,8684.0,673.0,106766.0,8844.575988610606,0.9107275230329344
Arunachal Pradesh,India,27.768456,96.384277,16845,56,16785.0,4.0,1570458.0,1072.6170327382204,0.3324428613831998
Assam,India,26.357149,92.830441,218412,1105,215445.0,1862.0,35607039.0,613.3955704657161,0.5059245828983755
Astrakhan Oblast,Russia,47.1878186,47.608851,30712,668,28814.0,1230.0,1017513.9999999998,3018.336848436484,2.1750455847877053
Asturias,Spain,43.3614,-5.8593,47263,1891,1063.0,44309.0,1022204.9999999999,4623.632245978058,4.001015593593297
Atacama,Chile,-27.5661,-70.0503,14282,170,13602.0,510.0,288944.0,4942.826291599757,1.190309480464921
Atlantico,Colombia,10.6966,-74.8741,151635,4494,137149.0,9992.0,2535517.0,5980.437125840607,2.9636957166880995
Australian Capital Territory,Australia,-35.4735,149.0124,123,3,120.0,0.0,428099.99999999994,28.73160476524177,2.4390243902439024
Ayacucho,Peru,-14.091648,-74.08344,22904,1390,0.0,21514.0,668200.0,3427.7162526189763,6.068808941669578
Aysen,Chile,-45.9864,-73.7669,3531,28,3386.0,117.0,103158.0,3422.9046705054384,0.7929764939110734
Azad Jammu and Kashmir,Pakistan,34.027401,73.947253,12805,355,10945.0,1505.0,4045365.9999999995,316.5350180923062,2.7723545490042953
Baden-Wurttemberg,Germany,48.6616,9.3501,365009,8704,329300.0,27005.0,11103043.0,3287.4681292326795,2.3845987359215797
Bahia,Brazil,-12.5797,-41.7007,803664,15330,769689.0,18645.0,14873064.0,5403.486463851698,1.9075135877680223
Baja California,Mexico,30.8406,-115.2838,46404,7791,0.0,38613.0,3634868.0,1276.6350800084074,16.789500905094386
Baja California Sur,Mexico,26.0444,-111.6661,28334,1271,0.0,27063.0,804708.0,3521.0287458307857,4.485776805251642
Baleares,Spain,39.710358,2.995148,57676,777,1533.0,55366.0,1188220.0,4853.983269091582,1.3471808031070116
Balochistan,Pakistan,28.328492,65.898403,19576,208,19106.0,262.0,12344408.0,158.58192632647916,1.0625255414793624
Bashkortostan Republic,Russia,54.8573563,57.1439682,32358,361,27452.0,4545.0,4063293.0,796.3491680270165,1.1156437357067803
Basilicata,Italy,40.63947052,15.80514834,19458,443,14241.0,4774.0,562869.0,3456.9322524423974,2.27669853016754
Bayern,Germany,48.7904,11.4979,500549,13264,451300.0,35985.0,13140183.0,3809.300068347602,2.6498904203184903
Beijing,China,40.1824,116.4142,1049,9,1037.0,3.0,21893095.0,4.791465071521409,0.8579599618684461
Belgorod Oblast,Russia,50.7080119,37.5837615,34282,562,32032.0,1688.0,1549876.0,2211.9188889949905,1.639344262295082
Berlin,Germany,52.52,13.405,146268,3055,134400.0,8813.0,3664088.0,3991.934691524876,2.0886318265102415
Bermuda,United Kingdom,32.3078,-64.7505,1217,12,729.0,476.0,62273.000000000015,1954.2980103736768,0.9860312243221034
Bihar,India,25.679658,85.60484,265527,1576,262371.0,1580.0,124799926.0,212.7621453878106,0.5935366271603264
Biobio,Chile,-37.4464,-72.1416,95470,1557,89123.0,4790.0,1556805.0,6132.431486281198,1.630878810097413
Blekinge,Sweden,56.2784,15.018,8956,120,0.0,8836.0,159606.0,5611.317870255504,1.3398838767306833
Bolivar,Colombia,8.6704,-74.03,69563,1409,67543.0,611.0,2070110.0,3360.3528314920463,2.025502062878254
"Bonaire, Sint Eustatius and Saba",Netherlands,12.1784,-68.2385,196,3,180.0,13.0,26221.0,747.492467869265,1.530612244897959
Boyaca,Colombia,5.4545,-73.362,48119,1154,46147.0,818.0,1217376.0,3952.681833714481,2.3982210769134853
Brandenburg,Germany,52.4125,12.5316,88464,3306,78140.0,7018.0,2531071.0,3495.121235239944,3.7371134020618557
Bremen,Germany,53.0793,8.8017,20979,407,19040.0,1532.0,680130.0,3084.5573640333464,1.9400352733686066
British Columbia,Canada,53.7267,-127.6476,100048,1458,91066.0,7524.0,5214804.999999999,1918.5377017932599,1.4573004957620344
British Virgin Islands,United Kingdom,18.4207,-64.64,153,1,131.0,21.0,30237.000000000004,506.0025796209941,0.6535947712418301
Bryansk Oblast,Russia,52.8873315,33.41585300000001,35646,284,34786.0,576.0,1210982.0,2943.5615062816787,0.7967233350165517
Buryatia Republic,Russia,52.7182426,109.492143,36006,785,34392.0,829.0,984511.0,3657.2471003371215,2.1801921901905237
C. Valenciana,Spain,39.484,-0.7533,385658,7112,9970.0,368576.0,4974969.0,7751.967901709539,1.8441209569100083
Cajamarca,Peru,-6.430284,-78.74559599999998,40289,2442,0.0,37847.0,1453700.0,2771.4796725596752,6.06120777383405
Calabria,Italy,38.90597598,16.59440194,46958,819,35814.0,10325.0,1947131.0,2411.650782612983,1.7441117594446103
Caldas,Colombia,5.2983,-75.2479,49624,1015,47206.0,1403.0,998254.9999999999,4971.074525046206,2.0453812671288087
California,United States,37.84396164603449,-120.72859416379309,3730942,58125,0.0,0.0,39501125.30359464,9445.153704673017,1.5579175446844256
Callao,Peru,-11.954609,-77.136042,71037,7903,0.0,63134.0,1129900.0,6287.016550137179,11.125188282162817
Campania,Italy,40.83956555,14.25084984,337289,5363,238809.0,93117.0,5801692.0,5813.631609537356,1.5900311009253192
Campeche,Mexico,19.8301,-90.5349,8958,1126,0.0,7832.0,1000617.0,895.2476322109259,12.5697700379549
Canarias,Spain,28.2916,-16.6291,46880,676,1537.0,44667.0,2206901.0,2124.245718317224,1.4419795221843004
Cantabria,Spain,43.1828,-3.9878,26077,542,2287.0,23248.0,581641.0,4483.349695086832,2.0784599455458834
Capital District,Colombia,4.711,-74.0721,687382,14409,660006.0,12967.0,7412566.0,9273.19905144858,2.0962143320599025
Caqueta,Colombia,0.8699,-73.8419,17185,649,16328.0,208.0,401489.0,4280.316521747794,3.7765493162641843
Casanare,Colombia,5.7589,-71.5724,13044,305,12466.0,273.0,420504.0,3101.991895439758,2.3382398037411836
Castilla - La Mancha,Spain,39.2796,-3.0977,175803,5757,6392.0,163654.0,2034876.9999999998,8639.490249287795,3.274688145253494
Castilla y Leon,Spain,41.8357,-4.3976,212625,6626,8716.0,197283.0,2407733.0,8830.921036510277,3.116284538506761
Catalonia,Spain,41.5912,1.5209,536235,13335,26203.0,496697.0,7566431.0,7087.026895507274,2.486782847072645
Cauca,Colombia,2.705,-76.82600000000002,28124,775,26847.0,502.0,1464488.0,1920.3981186599,2.7556535343478883
Cayman Islands,United Kingdom,19.3133,-81.2546,500,2,476.0,22.0,65720.0,760.8034083992696,0.4
Ceara,Brazil,-5.4984,-39.3206,539569,14149,380789.0,143488.0,9153589.152503897,5894.61675644908,2.6222781516358427
Cesar,Colombia,9.3373,-73.6536,43133,1239,41115.0,779.0,1200574.0,3592.6981593804294,2.872510606728027
Ceuta,Spain,35.8894,-5.3213,5121,95,163.0,4863.0,84828.99999999999,6036.85060533544,1.8551064245264597
Chandigarh,India,30.733839,76.76827800000002,26999,379,23702.0,2918.0,1158473.0,2330.567911379894,1.4037556946553575
Channel Islands,United Kingdom,49.3723,-2.3644,4049,86,3956.0,7.0,170499.0,2374.793987061508,2.123981229933317
Chechen Republic,Russia,43.39761470000001,45.6985005,11657,116,11328.0,213.0,1436981.0,811.2146228794952,0.9951102341940465
Chelyabinsk Oblast,Russia,54.4223954,61.1865846,55396,1222,50488.0,3686.0,3493036.0,1585.8983417290863,2.205935446602643
Cherkasy Oblast,Ukraine,49.4444,32.0598,57393,759,49607.0,7027.0,1206350.9999999998,4757.570557822724,1.3224609272907846
Chernihiv Oblast,Ukraine,51.4982,31.2893,41884,862,33677.0,7345.0,1005745.0,4164.475090604477,2.0580651322700794
Chernivtsi Oblast,Ukraine,48.2917,25.9352,69844,1360,49629.0,18855.0,904374.0,7722.9110965153795,1.9471966095870799
Chhattisgarh,India,21.264705,82.035366,349187,4170,319488.0,25529.0,29436231.0,1186.2490140126974,1.194202533313096
Chiapas,Mexico,16.7569,-93.1292,10447,1484,0.0,8963.0,5730367.000000001,182.3094402156092,14.205034938259786
Chiba,Japan,35.510141,140.198917,29698,568,27828.0,1302.0,6259382.0,474.4557849321227,1.9125867061755002
Chihuahua,Mexico,28.633000000000006,-106.0691,46333,5589,0.0,40744.0,3801487.0,1218.8125330956018,12.062676709904387
Choco,Colombia,5.2528,-76.82600000000002,6706,204,6406.0,96.0,534826.0,1253.865743251076,3.0420518938264243
Chongqing,China,30.0572,107.874,591,6,585.0,0.0,32054158.999999996,1.8437545031207965,1.015228426395939
Chukotka Autonomous Okrug,Russia,66.0006475,169.4900869,733,5,691.0,37.0,49348.0,1485.369214557834,0.6821282401091405
Chuvashia Republic,Russia,55.4259922,47.0849429,22792,1219,20796.0,777.0,1231117.0000000005,1851.3268844472127,5.3483678483678485
Ciudad de Mexico,Mexico,19.4326,-99.1332,608872,30534,0.0,578338.0,9018645.0,6751.258088105253,5.014847127146592
Coahuila,Mexico,27.0587,-101.7068,66715,5869,0.0,60846.0,3218720.0,2072.718347666153,8.797122086487297
Colima,Mexico,19.1223,-104.0072,10820,1142,0.0,9678.0,785153.0,1378.075356013414,10.554528650646951
Colorado,United States,38.93547446765625,-105.486239959375,462024,6107,0.0,0.0,5758736.0,8023.010605105009,1.3217928073000536
Connecticut,United States,41.61368014,-72.65682967875,309535,7878,0.0,0.0,3565287.0,8681.90975929848,2.545107984557481
Coquimbo,Chile,-29.959,-71.3389,26875,508,25259.0,1108.0,757586.0,3547.4520384484404,1.890232558139535
Cordoba,Colombia,8.0493,-75.574,43023,2010,39770.0,1243.0,1784783.0,2410.545147505327,4.671919670873718
Crimea Republic*,Ukraine,45.2835,34.2008,37633,1069,35253.0,1311.0,1913730.9999999993,1966.4728219378803,2.840592033587543
Cundinamarca,Colombia,5.026,-74.03,110923,3066,106522.0,1335.0,2919060.0,3799.956150267552,2.764079586740351
Curacao,Netherlands,12.1696,-68.99,8404,35,5267.0,3102.0,164100.0,5121.267519804997,0.41646834840552116
Cusco,Peru,-13.191068,-72.153609,43298,2833,0.0,40465.0,1357100.0,3190.479699358927,6.54302739156543
Dagestan Republic,Russia,43.05749160000001,47.1332224,31050,1410,28719.0,921.0,3063884.9999999995,1013.4192373408273,4.541062801932367
Dalarna,Sweden,61.0917,14.6664,18657,310,0.0,18347.0,287966.0,6478.889868942861,1.6615747440638904
Delaware,United States,39.10927682333334,-75.53323745666667,94598,1559,0.0,0.0,973764.0,9714.674192104041,1.6480263853358421
Delhi,India,28.646519,77.10898,662430,11027,642565.0,8838.0,18710922.0,3540.3386321636103,1.6646287154869193
District of Columbia,United States,38.90417773,-77.01655992,44513,1064,0.0,0.0,705749.0,6307.199868508493,2.3903129422865232
Distrito Federal,Brazil,-15.7998,-47.8645,344364,6029,321374.0,16961.0,3015268.0,11420.676371055573,1.7507637267542484
Dnipropetrovsk Oblast,Ukraine,48.4647,35.0462,91122,2357,74436.0,14329.0,3206477.0,2841.810497939015,2.586642084238713
Donetsk Oblast,Ukraine,48.0159,37.8028,59206,1269,47347.0,10590.0,4165901.0,1421.205160660323,2.1433638482586224
Drenthe,Netherlands,52.862485,6.618435000000002,26720,324,0.0,26396.0,493682.0,5412.390972326316,1.2125748502994012
Durango,Mexico,24.5593,-104.6588,32316,2259,0.0,30057.0,1868996.0,1729.0566699982235,6.990345339769774
Ehime,Japan,33.624835,132.856842,1367,24,1053.0,290.0,1339215.0,102.07472287870132,1.755669348939283
Emilia-Romagna,Italy,44.49436681,11.3417208,335820,11917,251468.0,72435.0,4459477.0,7530.479471023172,3.5486272407837536
England,United Kingdom,52.3555,-1.1743,3800722,111489,0.0,3689233.0,55977200.0,6789.767976962049,2.933363713526009
Espirito Santo,Brazil,-19.1834,-40.3089,382480,7500,351496.0,23152.0,4022246.5496757706,9509.113757107489,1.9608868437565363
Extremadura,Spain,39.4937,-6.0679,71103,1757,2652.0,66694.0,1065424.0,6673.681088468065,2.4710631056354866
Falkland Islands (Malvinas),United Kingdom,-51.7963,-59.5236,54,0,54.0,0.0,3483.0,1550.3875968992247,0.0
Faroe Islands,Denmark,61.8926,-6.9118,661,1,660.0,0.0,48865.00000000001,1352.7064360994575,0.15128593040847202
Flevoland,Netherlands,52.550383,5.515162,29124,225,0.0,28899.0,423021.0,6884.7645861552965,0.7725587144622992
Florida,United States,28.940754879104475,-82.70074390925373,2054174,33425,0.0,0.0,21477737.0,9564.201293646533,1.627174718402628
French Guiana,France,4.0,-53.0,16922,89,9995.0,6838.0,298682.0,5665.557348618263,0.5259425599810897
French Polynesia,France,-17.6797,-149.4068,18627,141,4842.0,13644.0,280904.0,6631.091048899268,0.7569656949589306
Friesland,Netherlands,53.087337,5.7925,32749,445,0.0,32304.0,649957.0,5038.641017790408,1.358820116644783
Friuli Venezia Giulia,Italy,45.6494354,13.76813649,97490,3307,78986.0,15197.0,1215220.0,8022.415694277579,3.392142783875269
Fujian,China,26.0789,117.9874,561,1,550.0,10.0,41540086.0,1.3505027408946626,0.17825311942959002
Fukui,Japan,35.846614,136.22465400000002,589,25,526.0,38.0,767937.0,76.69900004818103,4.244482173174872
Fukuoka,Japan,33.526032,130.666949,19014,332,18255.0,427.0,5103679.0,372.55477862146114,1.7460818344377829
Fukushima,Japan,37.378867,140.223295,2499,113,2110.0,276.0,1845519.0,135.4090637918114,4.5218087234893956
Galicia,Spain,42.5751,-8.1339,116522,2327,9204.0,104991.0,2700441.0,4314.924858569397,1.9970477678035048
Gansu,China,35.7518,104.2861,193,2,186.0,5.0,25019831.0,0.7713881041003035,1.0362694300518136
Gavleborg,Sweden,61.3012,16.1534,27932,523,0.0,27409.0,287382.00000000006,9719.467468387023,1.8724044107117286
Gelderland,Netherlands,52.061738,5.939114,140927,1894,0.0,139033.0,2085952.0,6756.003973245789,1.3439582195037147
Georgia,United States,32.808532144842765,-83.57742992610062,1027137,18462,0.0,0.0,10617423.0,9674.070629002914,1.7974233232762524
Gibraltar,United Kingdom,36.1408,-5.3536,4274,94,4168.0,12.0,33691.0,12685.880502211272,2.1993448759943846
Gifu,Japan,35.778671,137.055925,4841,125,4690.0,26.0,1986587.0,243.68426854701053,2.58211113406321
Gilgit-Baltistan,Pakistan,35.792146,74.982138,5033,103,4867.0,63.0,1013584.0,496.5547996022036,2.046493145241407
Goa,India,15.359682,74.057396,58039,830,55653.0,1556.0,1586250.0,3658.8810086682424,1.430072882027602
Goias,Brazil,-15.827,-49.8362,486405,11711,460845.0,11866.0,7048728.141269313,6900.60660946997,2.4076643948972567
Gotland,Sweden,57.4684,18.4867,3027,46,0.0,2981.0,59686.0,5071.541064906343,1.5196564255037992
Greenland,Denmark,71.7069,-42.6043,31,0,31.0,0.0,56772.0,54.604382442048895,0.0
Groningen,Netherlands,53.217922,6.741514,30730,229,0.0,30501.0,585865.9999999999,5245.226724199733,0.7452001301659616
Guadeloupe,France,16.265,-61.551,11512,173,2242.0,9097.0,400126.99999999994,2877.086525028304,1.5027797081306462
Guainia,Colombia,2.5854,-68.5247,1335,22,1308.0,5.0,48114.0,2774.6601820675896,1.647940074906367
Guam,United States,13.4443,144.7937,7807,134,0.0,0.0,164229.0,4753.728026109883,1.7164083514794415
Guanajuato,Mexico,21.019,-101.2574,127725,9959,0.0,117766.0,6228175.0,2050.7612583140326,7.797220591113721
Guangdong,China,23.3417,113.4244,2282,8,2235.0,39.0,126012509.99999999,1.8109313115023264,0.35056967572305
Guangxi,China,23.8298,108.7881,267,2,265.0,0.0,50126804.0,0.5326491591205376,0.7490636704119851
Guaviare,Colombia,1.0654,-73.2603,2299,40,2251.0,8.0,82767.0,2777.6770935276136,1.7398869073510224
Guerrero,Mexico,17.4392,-99.5451,37696,4083,0.0,33613.0,3657048.0,1030.776735771584,10.83138794567063
Guizhou,China,26.8154,106.8748,147,2,145.0,0.0,38562148.00000001,0.38120283133605515,1.3605442176870748
Gujarat,India,22.694884,71.590923,307698,4519,290569.0,12610.0,63872398.99999999,481.73859885864005,1.4686478300151447
Gunma,Japan,36.504479,138.985605,5007,99,4710.0,198.0,1942455.9999999998,257.76645648601567,1.9772318753744758
Hainan,China,19.1959,109.7453,171,6,165.0,0.0,10081232.0,1.696221255497344,3.508771929824561
Halland,Sweden,56.8967,12.8034,31823,290,0.0,31533.0,333848.00000000006,9532.182310512568,0.9112905759984916
Hamburg,Germany,53.5511,9.9937,61268,1382,53370.0,6516.0,1852478.0,3307.353717561018,2.255663641705295
Haryana,India,29.20004,76.332824,290800,3155,277919.0,9726.0,28204691.999999996,1031.0341272296116,1.0849381017881707
Hawaii,United States,20.99064747,-157.41445579999998,29779,460,0.0,0.0,1415786.0,2103.3546030261637,1.5447127170153463
Hebei,China,37.8957,114.9042,1317,7,1310.0,0.0,74610235.0,1.7651733706508228,0.5315110098709187
Heilongjiang,China,47.862,127.7615,1610,13,1597.0,0.0,31850088.0,5.054931088416459,0.8074534161490683
Henan,China,33.882,113.614,1311,22,1283.0,6.0,99365519.0,1.3193711593253994,1.6781083142639208
Hessen,Germany,50.6521,9.1624,219484,6338,194800.0,18346.0,6293154.0,3487.662942937675,2.8876820178236224
Hidalgo,Mexico,20.0911,-98.7624,36661,5852,0.0,30809.0,3086414.0,1187.8186140938967,15.962466926706856
Himachal Pradesh,India,31.927213,77.233081,63605,1048,59584.0,2973.0,7451955.0,853.5344080848583,1.6476692083955662
Hiroshima,Japan,34.605309000000005,132.788719,5172,106,4961.0,105.0,2804177.000000001,184.4391420370397,2.0494972931167825
Hokkaido,Japan,43.385711,142.552318,20994,749,19413.0,832.0,5250049.0,399.8819820538818,3.5676860055253883
Hong Kong,China,22.3,114.2,11467,205,11095.0,167.0,7496988.0,152.95475996493525,1.7877387285253337
Huancavelica,Peru,-13.023888,-75.00277,10801,737,0.0,10064.0,365300.0,2956.7478784560635,6.823442273863531
Huanuco,Peru,-9.421676,-76.040642,26786,1967,0.0,24819.0,760299.9999999999,3523.082993555176,7.343388337191071
Hubei,China,30.9756,112.2707,68152,4512,63639.0,1.0,57752557.0,118.00689621413646,6.620495363305552
Huila,Colombia,2.5359,-75.5277,50915,1791,48765.0,359.0,1100386.0,4627.012702815194,3.5176274182460965
Hunan,China,27.6104,111.7088,1042,4,1033.0,5.0,66444863.99999999,1.5682175224258117,0.3838771593090211
Hyogo,Japan,35.039913,134.828057,20058,591,18014.0,1453.0,5466190.0,366.94663010250287,2.946455279688902
Ibaraki,Japan,36.303588,140.319591,6740,127,6264.0,349.0,2860307.0,235.63904154344272,1.8842729970326408
Ica,Peru,-14.235097,-75.574821,44464,5924,0.0,38540.0,975200.0000000001,4559.474979491386,13.323137819359482
Idaho,United States,44.26340125840909,-114.46012491818182,180536,1962,0.0,0.0,1787065.0,10102.374563879881,1.0867638587317765
Illinois,United States,39.84361770127451,-89.17833006960784,1244498,21301,0.0,0.0,12671821.0,9820.987843815028,1.7116138394758367
Indiana,United States,39.837353165652175,-86.21856844913043,686497,12633,0.0,0.0,6732219.0,10197.187584064037,1.8402119747063719
Ingushetia Republic,Russia,43.11542075,45.01713552,15120,181,13403.0,1536.0,488042.9999999999,3098.08766850462,1.197089947089947
Inner Mongolia,China,44.0935,113.9448,375,1,368.0,6.0,24049155.000000004,1.559306345690732,0.26666666666666666
Iowa,United States,42.02991002353535,-93.46551942343434,350384,5743,0.0,0.0,3155070.0,11105.427137908193,1.6390588611352115
Irkutsk Oblast,Russia,56.6370122,104.719221,61581,2010,58655.0,916.0,2404195.0,2561.3978899382123,3.2639937643104204
Ishikawa,Japan,36.769464,136.771027,1911,64,1824.0,23.0,1137649.0,167.97799672834063,3.349031920460492
Islamabad,Pakistan,33.665087,73.121219,58557,572,47584.0,10401.0,2006572.0,2918.260595682587,0.976825998599655
Isle of Man,United Kingdom,54.2361,-4.5481,1569,29,1247.0,293.0,85032.0,1845.187694044595,1.8483110261312936
Ivano-Frankivsk Oblast,Ukraine,48.9226,24.7111,79225,1699,62236.0,15290.0,1373251.9999999998,5769.152347857495,2.1445250867781636
Ivanovo Oblast,Russia,56.9167446,41.43521370000001,32556,1039,31025.0,492.0,1014646.0000000001,3208.606745603885,3.191424007863374
Iwate,Japan,39.593287,141.361777,621,30,550.0,41.0,1226816.0,50.61883770671396,4.830917874396135
Jalisco,Mexico,20.6595,-103.3494,82617,11354,0.0,71263.0,8409693.0,982.4020924426136,13.742934262924095
Jammu and Kashmir,India,33.75943,76.612638,130960,1994,126435.0,2531.0,13606320.0,962.4938998935788,1.5226023213194868
Jamtland Harjedalen,Sweden,63.1712,14.9592,8519,118,0.0,8401.0,130810.0,6512.499044415565,1.3851391008334313
Jewish Autonomous Okrug,Russia,48.57527615,132.66307460000002,4431,125,4230.0,76.0,162014.0,2734.948831582456,2.8210336267208307
Jharkhand,India,23.654536,85.557631,124201,1113,120263.0,2825.0,38593948.0,321.8147052486053,0.8961280504987883
Jiangsu,China,32.9711,119.455,710,0,704.0,6.0,84748016.0,0.8377777244956389,0.0
Jiangxi,China,27.614,115.7221,937,1,934.0,2.0,45188635.0,2.0735302139575578,0.10672358591248667
Jilin,China,43.6661,126.1923,573,3,570.0,0.0,24073452.999999996,2.38021525204548,0.5235602094240838
Johor,Malaysia,1.4854,103.7618,41258,104,39594.0,1560.0,3768200.0000000005,1094.899421474444,0.25207232536720153
Jonkoping,Sweden,57.3708,14.3439,33356,535,0.0,32821.0,363599.00000000006,9173.842612328415,1.6039093416476795
Junin,Peru,-11.541783,-74.876968,50352,4386,0.0,45966.0,1361500.0000000002,3698.2739625413137,8.71067683508103
Kabardino-Balkarian Republic,Russia,43.4806048,43.5978976,22792,418,21680.0,694.0,865828.0,2632.3935007876853,1.833976833976834
Kagawa,Japan,34.217292,133.969047,836,19,752.0,65.0,956347.0,87.41596930821134,2.272727272727273
Kagoshima,Japan,31.009484000000004,130.430665,1830,28,1771.0,31.0,1602273.0,114.21274651697932,1.530054644808743
Kaliningrad Oblast,Russia,54.7293041,21.1489473,30240,334,27903.0,2003.0,994599.0,3040.4213155251514,1.1044973544973544
Kalmar,Sweden,57.235,16.1849,15188,222,0.0,14966.0,245446.0,6187.919134962477,1.4616802739004477
Kalmykia Republic,Russia,46.2313018,45.3275745,19952,315,19094.0,543.0,275413.0,7244.392966199853,1.5787890938251805
Kaluga Oblast,Russia,54.4382773,35.5272854,32345,281,30156.0,1908.0,1012056.0,3195.969392998016,0.8687586953161232
Kamchatka Krai,Russia,57.1914882,160.03838190000005,14120,201,13212.0,707.0,315557.0,4474.627404874555,1.423512747875354
Kanagawa,Japan,35.415312,139.338983,48069,785,46334.0,950.0,9198268.0,522.5875132144442,1.6330691297925897
Kansas,United States,38.48537889685714,-98.08455153209523,303940,4908,0.0,0.0,2913314.0,10432.792345761563,1.614792393235507
Karachay-Cherkess Republic,Russia,43.7368326,41.7267991,19680,71,18785.0,824.0,466305.00000000006,4220.413677743108,0.36077235772357724
Karelia Republic,Russia,62.61940309999999,33.4920267,43859,388,41342.0,2129.0,622484.0,7045.803586919504,0.8846530928657744
Karnataka,India,14.70518,76.166436,997004,12567,956170.0,28267.0,67562686.0,1475.6725332086412,1.2604763872562197
Kedah,Malaysia,6.1184,100.3685,8435,25,8067.0,343.0,2185900.0,385.88224529941897,0.2963841138114997
Kelantan,Malaysia,6.1254,102.2381,6250,23,5638.0,589.0,1892200.0,330.30335059718846,0.368
Kemerovo Oblast,Russia,54.53357809999999,87.342861,33258,612,32372.0,274.0,2694877.0,1234.1194050785991,1.8401587587948762
Kentucky,United States,37.62214385,-85.199890618,426865,6090,0.0,0.0,4467673.0,9554.526483921272,1.4266805664554367
Kerala,India,10.450898,76.405749,1124584,4621,1094404.0,25559.0,35699443.0,3150.1443874068286,0.4109075000177843
Khabarovsk Krai,Russia,51.6312684,136.121524,50641,346,48230.0,2065.0,1328302.0,3812.461322801592,0.6832408522738492
Khakassia Republic,Russia,53.72258845,91.44293627,21849,504,21082.0,263.0,537513.0,4064.831920344252,2.3067417273101745
Khanty-Mansi Autonomous Okrug,Russia,61.0259025,69.0982628,54175,782,52662.0,731.0,1532243.0,3535.666340130123,1.443470235348408
Kharkiv Oblast,Ukraine,49.9935,36.2304,103804,1962,84783.0,17059.0,2675598.0,3879.656061934566,1.890100574158992
Kherson Oblast,Ukraine,46.6354,32.6169,24258,704,21306.0,2248.0,1037640.0,2337.805019081762,2.902135378019622
Khmelnytskyi Oblast,Ukraine,49.423,26.9871,63780,1156,50632.0,11992.0,1264705.0,5043.073285865083,1.812480401379743
Khyber Pakhtunkhwa,Pakistan,34.485332,72.09169,88099,2363,76640.0,9096.0,30523370.999999996,288.6280155622392,2.682209786717216
Kiev,Ukraine,50.4501,30.5234,162291,3405,105605.0,53281.0,2950800.0,5499.898332655552,2.0980830729985027
Kiev Oblast,Ukraine,50.053,30.7667,95323,1612,77512.0,16199.0,1767940.0,5391.755376313676,1.6910923911333045
Kirov Oblast,Russia,57.9665589,49.4074599,39754,324,36120.0,3310.0,1283238.0,3097.9444187282484,0.8150123258036928
Kirovohrad Oblast,Ukraine,48.5079,32.2623,13162,467,9059.0,3636.0,945549.0,1391.995549675374,3.5480929949855646
Kochi,Japan,33.422519,133.367307,917,19,886.0,12.0,698029.0000000001,131.3699001044369,2.0719738276990185
Komi Republic,Russia,63.9881421,54.3326073,41616,805,40420.0,391.0,840873.0,4949.142141560022,1.9343521722414456
Kostroma Oblast,Russia,58.424756,44.2533273,19657,390,16884.0,2383.0,643324.0,3055.536557007045,1.9840260467009208
Krasnodar Krai,Russia,45.7684014,39.0261044,42369,2322,37232.0,2815.0,5603420.0,756.1275078434242,5.48042200665581
Krasnoyarsk Krai,Russia,63.3233807,97.0979974,66784,3162,61816.0,1806.0,2876496.9999999995,2321.712833352512,4.734666986104457
Kronoberg,Sweden,56.7183,14.4115,15331,297,0.0,15034.0,201469.0,7609.607433401665,1.9372513208531734
Kumamoto,Japan,32.608154,130.74523100000002,3506,74,3407.0,25.0,1747567.0000000002,200.62177873580808,2.110667427267541
Kurgan Oblast,Russia,55.7655302,64.5632681,19221,352,17492.0,1377.0,845537.0,2273.2299118784867,1.8313303158004266
Kursk Oblast,Russia,51.6568453,36.4852695,34014,574,30772.0,2668.0,1115237.0,3049.9346775618096,1.6875404245310754
Kyoto,Japan,35.253815,135.443341,9517,169,9079.0,269.0,2582957.0,368.4536753805812,1.7757696753178522
La Guajira,Colombia,11.3548,-72.5205,17879,665,16841.0,373.0,880560.0,2030.4124647951303,3.7194473963868226
La Libertad,Peru,-7.92139,-78.370238,53637,6857,0.0,46780.0,2016800.0,2659.510115033717,12.78408561254358
La Rioja,Spain,42.2871,-2.5396,27895,744,3107.0,24044.0,313571.0,8895.91193063134,2.667144649578778
Ladakh,India,34.1526,77.5771,10157,130,9771.0,256.0,274289.00000000006,3703.0285574704044,1.2799054839027273
Lakshadweep,India,13.6999972,72.18333259999999,723,1,680.0,42.0,64429.0,1122.1654844867994,0.13831258644536654
Lambayeque,Peru,-6.353049,-79.824113,42053,6023,0.0,36030.0,1310800.0,3208.193469636863,14.322402682329441
Lazio,Italy,41.89277044,12.48366722,285447,6644,227752.0,51051.0,5879082.0,4855.298837471564,2.327577448703262
Leningrad Oblast,Russia,60.1853296,32.3925325,39866,932,37316.0,1618.0,1813815.9999999995,2197.90761576698,2.3378317363166605
Liaoning,China,41.2956,122.6085,407,2,405.0,0.0,42591407.0,0.9555918169127401,0.4914004914004914
Liguria,Italy,44.41149315,8.9326992,89324,3879,78350.0,7095.0,1550640.0,5760.460197079916,4.342617885450719
Lima,Peru,-11.766533,-76.60449799999998,722513,67669,0.0,654844.0,10628500.0,6797.883050289316,9.365783037813852
Limburg,Netherlands,51.209227,5.93387,82689,1513,0.0,81176.0,1117201.0,7401.4434287115755,1.8297476085089914
Lipetsk Oblast,Russia,52.6935178,39.1122664,27606,530,24350.0,2726.0,1150201.0,2400.102242999267,1.9198724914873577
Lombardia,Italy,45.46679409,9.190347404,735484,30735,608894.0,95855.0,10060574.0,7310.55703183536,4.178880845810378
Loreto,Peru,-4.124847,-74.424115,35772,3739,0.0,32033.0,1027600.0,3481.121058777734,10.452309068545231
Los Lagos,Chile,-41.9198,-72.1416,60819,794,58420.0,1605.0,828708.0,7339.014465891484,1.3055130797941432
Los Rios,Chile,-40.231,-72.3311,27478,304,25542.0,1632.0,384837.0,7140.16583644504,1.106339617148264
Louisiana,United States,31.0924273834375,-91.82418665609374,444515,10141,0.0,0.0,4648794.0,9561.94230159478,2.281362833650158
Luhansk Oblast,Ukraine,48.574,39.3078,17460,522,14958.0,1980.0,2151833.0,811.4012565101475,2.9896907216494846
Lviv Oblast,Ukraine,49.8397,24.0297,103670,2629,79111.0,21930.0,2522020.999999999,4110.592259144552,2.535931320536317
Macau,China,22.1667,113.55,48,0,48.0,0.0,649342.0,7.392098462751523,0.0
Madhya Pradesh,India,23.541513,78.289633,295511,3986,274429.0,17096.0,85358965.0,346.1979652635198,1.3488499582079854
Madre de Dios,Peru,-11.972699,-70.53171999999998,11605,194,0.0,11411.0,173800.0,6677.215189873417,1.6716932356742784
Madrid,Spain,40.4168,-3.7038,625215,14564,40736.0,569915.0,6641649.0,9413.550761264258,2.329438673096455
Magadan Oblast,Russia,62.48858785,153.9903764,8255,99,8035.0,121.0,144091.0,5729.018467496235,1.1992731677771047
Magallanes,Chile,-52.368,-70.9863,23107,345,22476.0,286.0,166532.99999999997,13875.328013066483,1.4930540528844074
Magdalena,Colombia,10.4113,-74.4057,43967,1618,40528.0,1821.0,1341745.9999999995,3276.8497167124046,3.6800327518366047
Maharashtra,India,19.449759,76.108221,2812980,54649,2400727.0,357604.0,123144223.0,2284.2971691818625,1.9427439939139275
Maine,United States,44.687688406250004,-69.523768628125,50503,743,0.0,0.0,1344212.0,3757.0710572439466,1.4711997307090667
Manipur,India,24.738975,93.882541,29400,374,28956.0,70.0,3091545.0000000005,950.9808202694767,1.272108843537415
Manitoba,Canada,53.7609,-98.8139,34122,935,32006.0,1181.0,1383765.0,2465.881128659852,2.740167633784655
Maranhao,Brazil,-4.9609,-45.2744,242401,6070,220903.0,15428.0,7075181.0,3426.0748947624097,2.50411508203349
Marche,Italy,43.61675973,13.5188753,88370,2621,76382.0,9367.0,1525271.0,5793.7245250188325,2.9659386669684284
Mari El Republic,Russia,56.5767504,47.8817512,12542,205,11672.0,665.0,682333.0,1838.105441184876,1.6345080529421143
Martinique,France,14.6415,-61.0242,7679,50,98.0,7531.0,375265.0,2046.287290314844,0.6511264487563484
Maryland,United States,39.014920690416666,-76.67546760875,411344,8227,0.0,0.0,6045680.0,6803.932725516401,2.00002917266327
Massachusetts,United States,42.17639998153846,-71.57704993461539,596941,17177,0.0,0.0,6892503.0,8660.728910818028,2.8775038069088903
Mato Grosso,Brazil,-12.6819,-56.9211,310337,7675,284856.0,16148.0,3504692.088187823,8854.900578740042,2.4731179330856454
Mato Grosso do Sul,Brazil,-20.7722,-54.7852,217457,4334,194999.0,16322.0,2802947.8872809582,7758.153513547747,1.9930377040058493
Maule,Chile,-35.5183,-71.6885,54132,989,49997.0,3146.0,1044950.0,5180.343557107995,1.8270154437301411
Mayotte,France,-12.8275,45.166244,19408,161,2964.0,16283.0,272813.0,7114.030489749389,0.8295548227535038
Mecklenburg-Vorpommern,Germany,53.6127,12.4296,30658,867,26910.0,2881.0,1610774.0,1903.3085957434128,2.827973122839063
Meghalaya,India,25.536934,91.278882,14065,150,13866.0,49.0,3366710.0,417.76690002999965,1.0664770707429791
Melaka,Malaysia,2.1896,102.2501,6537,22,6196.0,319.0,932700.0,700.8684464458025,0.3365458161236041
Melilla,Spain,35.2923,-2.9381,7861,79,125.0,7657.0,84689.0,9282.197215695072,1.00496120086503
Meta,Colombia,3.272,-73.0877,43742,999,42271.0,472.0,1039722.0,4207.086124944937,2.2838461890174204
Metropolitana,Chile,-33.4376,-70.6505,419769,12868,392112.0,14789.0,7112808.0,5901.593294800028,3.065495546360022
Mexico,Mexico,19.4969,-99.7233,233538,31569,0.0,201969.0,17427790.0,1340.0322129197104,13.517714461886287
Michigan,United States,44.04362008975904,-85.18169553542168,718455,16954,0.0,0.0,9986857.0,7194.005080877798,2.359785929529337
Michoacan,Mexico,19.5665,-101.7068,45250,5090,0.0,40160.0,4825401.000000001,937.7458992527252,11.248618784530388
Mie,Japan,34.508018,136.376013,2753,70,2627.0,56.0,1780882.0,154.58632295682702,2.5426807119505996
Minas Gerais,Brazil,-18.5122,-44.555,1123913,24332,1005681.0,93900.0,21168791.0,5309.292344565167,2.164936253962718
Minnesota,United States,45.55201297954023,-94.43095302689655,519045,6848,0.0,0.0,5639632.0,9203.526045671066,1.319346106792282
Mississippi,United States,32.792726566585365,-89.64572580048781,305146,7032,0.0,0.0,2976149.0,10253.048486483709,2.304470646837907
Missouri,United States,38.45676488163793,-92.49948688465517,581680,8853,0.0,0.0,6626371.0,8778.25886899481,1.5219708430752303
Miyagi,Japan,38.446859,140.927086,6035,31,4372.0,1632.0,2306365.0,261.66716889997895,0.5136702568351285
Miyazaki,Japan,32.193203999999994,131.299374,1962,22,1924.0,16.0,1073301.0000000002,182.80053778017532,1.1213047910295617
Mizoram,India,23.309381,92.83822,4476,11,4434.0,31.0,1239244.0,361.1879500727863,0.24575513851653263
Molise,Italy,41.55774754,14.65916051,12270,438,10966.0,866.0,305617.0,4014.8290180192857,3.5696821515892423
Montana,United States,46.974691131964285,-109.70039488214286,104552,1437,0.0,0.0,1068778.0,9782.38698775611,1.3744356875047823
Montserrat,United Kingdom,16.742498,-62.187366,20,1,19.0,0.0,4999.0,400.0800160032006,5.0
Moquegua,Peru,-16.860271,-70.839046,21704,1143,0.0,20561.0,192700.0,11263.103269330566,5.266310357537781
Mordovia Republic,Russia,54.4419829,44.4661144,19052,203,17039.0,1810.0,805056.0000000001,2366.543445424914,1.065504933865211
Morelos,Mexico,18.6813,-99.1013,30048,2749,0.0,27299.0,2044057.9999999998,1470.016995603843,9.148695420660276
Moscow,Russia,55.7504461,37.6174943,1026740,16656,944738.0,65346.0,12506468.0,8209.671987326878,1.6222217893527087
Moscow Oblast,Russia,55.50431579999999,38.0353929,232261,5441,190628.0,36192.0,7503385.0,3095.4162687906855,2.3426231696238284
Murcia,Spain,37.9922,-1.1307,108542,1562,2180.0,104800.0,1487663.0,7296.141666493017,1.4390742753956993
Murmansk Oblast,Russia,68.00004179999999,33.9999151,49068,1080,46965.0,1023.0,753557.0,6511.518040440206,2.201027146001467
Mykolaiv Oblast,Ukraine,46.975,31.9946,51924,1062,41892.0,8970.0,2522021.0,2058.8250454694867,2.0452969724982664
Nagaland,India,26.06702,94.470302,12340,92,12136.0,112.0,2249695.0,548.5187992150047,0.7455429497568882
Nagano,Japan,36.132134,138.045528,2796,41,2513.0,242.0,2048790.0000000002,136.4707949570234,1.4663805436337627
Nagasaki,Japan,33.235712,129.608033,1634,39,1577.0,18.0,1326524.0000000002,123.17907553877652,2.386780905752754
Nara,Japan,34.317451,135.871644,3691,55,3433.0,203.0,1330123.0,277.4931340936139,1.4901110810078568
Narino,Colombia,1.2892,-77.3579,50335,1693,47843.0,799.0,1630592.0,3086.915672344768,3.363464785934241
Navarra,Spain,42.6954,-1.6761,54315,1121,3905.0,49289.0,649946.0,8356.848107381229,2.0638865874988492
Nayarit,Mexico,21.7514,-104.8455,11315,1739,0.0,9576.0,1288571.0,878.1045049128065,15.368979231109147
Nebraska,United States,41.3217949472043,-99.03901222387097,207530,2173,0.0,0.0,1934408.0,10728.346863743327,1.0470775309593794
Negeri Sembilan,Malaysia,2.7258,101.9424,17269,31,16868.0,370.0,1132100.0,1525.3952831021993,0.17951242110139556
Nenets Autonomous Okrug,Russia,68.27557185,57.1686375,1082,4,1019.0,59.0,43997.0,2459.258585812669,0.36968576709796674
Nevada,United States,39.25599674470588,-117.56399353529412,303762,5249,0.0,0.0,3080156.0000000005,9861.903098414494,1.7279975770504539
New Brunswick,Canada,46.5653,-66.4619,1613,30,1447.0,136.0,789225.0,204.37771231271185,1.8598884066955983
New Caledonia,France,-20.904305,165.618042,121,0,58.0,63.0,285491.00000000006,42.38312241016354,0.0
New Hampshire,United States,43.478972876,-71.57765670500001,83011,1233,0.0,0.0,1359711.0,6105.047322556044,1.4853453156810543
New Jersey,United States,40.28644091095238,-74.62244971476191,907761,24561,0.0,0.0,8882190.0,10220.013307528887,2.705668121895521
New Mexico,United States,34.54935897878788,-105.88710740909092,187547,3937,0.0,0.0,2096829.0,8944.31544012411,2.099207132078892
New South Wales,Australia,-33.8688,151.2093,5296,54,0.0,5242.0,8117999.999999999,65.23774328652378,1.0196374622356497
New York,United States,42.544151333225805,-75.47418330774194,1872965,49790,0.0,0.0,19453561.0,9627.877384505593,2.658351864556999
Newfoundland and Labrador,Canada,53.1355,-57.6604,1019,6,1006.0,7.0,520553.0,195.75336228971884,0.5888125613346418
Niedersachsen,Germany,52.6367,9.8451,198107,4880,177600.0,15627.0,8003421.0,2475.279008813856,2.463315279116841
Niigata,Japan,37.521819,138.918647,1461,18,1237.0,206.0,2223106.0,65.71886360794312,1.2320328542094456
Ningxia,China,37.2692,106.1655,75,0,75.0,0.0,7202654.0,1.041282838242681,0.0
Nizhny Novgorod Oblast,Russia,55.47180329999999,44.0911594,107452,2847,101555.0,3050.0,3234752.0,3321.800249292681,2.649555150206604
Noord-Brabant,Netherlands,51.561174,5.184942,200581,3003,0.0,197578.0,2562955.0,7826.161598623465,1.4971507769928358
Noord-Holland,Netherlands,52.60090600000001,4.918688,220654,2413,0.0,218241.0,2879527.0,7662.855739848941,1.093567304467628
Nordrhein-Westfalen,Germany,51.4332,7.6616,612947,14230,551400.0,47317.0,17925570.0,3419.4003314817883,2.3215710330583232
Norrbotten,Sweden,66.8309,20.3992,16375,238,0.0,16137.0,250093.00000000003,6547.564306078138,1.453435114503817
Norte de Santander,Colombia,7.9463,-72.8988,51927,2764,48486.0,677.0,1491689.0000000002,3481.0875457283655,5.322857087834845
North Carolina,United States,35.62420971,-79.5010987396,914132,12112,0.0,0.0,10488084.0,8715.910360748445,1.3249727610454507
North Dakota,United States,47.393506727924525,-100.24939343566037,103091,1466,0.0,0.0,762062.0,13527.901929239353,1.4220446013716037
North Ossetia - Alania Republic,Russia,42.79336110000001,44.6324493,16339,161,15361.0,817.0,701765.0,2328.272284881691,0.9853724218128403
Northern Ireland,United Kingdom,54.7877,-6.4923,117289,2115,0.0,115174.0,1881600.0,6233.471513605442,1.803238155325734
Northern Mariana Islands,United States,15.0979,145.6739,159,2,0.0,0.0,55144.00000000001,288.3359930364137,1.257861635220126
Northern Territory,Australia,-12.4634,130.8456,108,0,106.0,2.0,245599.99999999997,43.97394136807818,0.0
Northwest Territories,Canada,64.8255,-124.8457,47,0,47.0,0.0,45504.0,103.28762306610409,0.0
Nova Scotia,Canada,44.682,-63.7443,1716,66,1627.0,23.0,992055.0000000001,172.97428065984244,3.8461538461538463
Novgorod Oblast,Russia,58.2843833,32.5169757,28674,121,25749.0,2804.0,606476.0,4727.969449739148,0.42198507358582693
Novosibirsk Oblast,Russia,54.9720169,79.48139240000002,38774,1625,35949.0,1200.0,2788849.0,1390.3226743362584,4.190952700263063
Nuble,Chile,-36.7226,-71.7622,21360,403,19910.0,1047.0,480609.0,4444.361216706304,1.8867041198501873
Nuevo Leon,Mexico,25.5922,-99.9962,119881,9029,0.0,110852.0,5610152.999999999,2136.857943089966,7.531635538575754
Nunavut,Canada,70.2998,-83.1076,395,4,391.0,0.0,39403.00000000001,1002.4617414917643,1.0126582278481013
OHiggins,Chile,-34.5755,-71.0022,38436,890,35429.0,2117.0,914555.0000000001,4202.699673611756,2.315537516911229
Oaxaca,Mexico,17.0732,-96.7266,43614,3242,0.0,40372.0,4143592.9999999995,1052.564766858135,7.433392947218782
Odessa Oblast,Ukraine,46.4846,30.7326,107566,1776,83037.0,22753.0,2380308.0,4518.995020812433,1.6510793373370767
Odisha,India,20.505428,84.418059,340917,1921,337091.0,1905.0,46356334.0,735.4270076663094,0.5634802605912875
Ohio,United States,40.31066981295454,-82.83540800659091,1017566,19289,0.0,0.0,11689100.0,8705.255323335414,1.895601857766474
Oita,Japan,33.200697,131.43323999999998,1309,22,1277.0,10.0,1135434.0,115.2863134272886,1.680672268907563
Okayama,Japan,34.89246,133.826252,2693,35,2524.0,134.0,1889585.9999999998,142.5179907133097,1.2996658002227999
Okinawa,Japan,25.768923,126.668016,9482,128,8622.0,732.0,1453168.0,652.5054226352356,1.3499261759122547
Oklahoma,United States,35.50191442597403,-97.2513995677922,437853,4953,0.0,0.0,3956971.0,11065.357820413645,1.1312015676494167
Omsk Oblast,Russia,56.09352629999999,73.5099936,43776,1316,40523.0,1937.0,1960081.0000000002,2233.377090028422,3.006213450292398
Ontario,Canada,51.2538,-85.3232,356576,7366,329652.0,19558.0,14826276.000000002,2405.0273986535794,2.0657587723234316
Orebro,Sweden,59.535,15.0066,22112,301,0.0,21811.0,304805.0,7254.474172011614,1.3612518089725036
Oregon,United States,44.49240067472223,-121.47691959722222,165012,2383,0.0,0.0,4217737.0,3912.3349796348134,1.4441373960681647
Orel Oblast,Russia,52.96854329999999,36.0692477,32432,501,29746.0,2185.0,747246.9999999998,4340.198087111759,1.5447705969412926
Orenburg Oblast,Russia,52.02692620000001,54.7276647,40013,733,36637.0,2643.0,1977720.0,2023.1883178609712,1.8319046309949267
Osaka,Japan,34.620965000000005,135.507481,52201,1184,47254.0,3763.0,8809363.0,592.5627085636045,2.268155782456275
Ostergotland,Sweden,58.3454,15.5198,28154,576,0.0,27578.0,465495.0,6048.185265147853,2.045890459614975
Overijssel,Netherlands,52.444558,6.441722,85289,1073,0.0,84216.0,1162406.0000000002,7337.281466200277,1.2580754845290718
P.A. Bolzano,Italy,46.49933453,11.35662422,68954,1126,67142.0,686.0,532318.0,12953.535292813694,1.6329727064419757
P.A. Trento,Italy,46.06893511,11.12123097,41231,1282,37086.0,2863.0,541418.0,7615.372965065809,3.1093109553491307
Pahang,Malaysia,3.8126,103.3256,4269,17,3961.0,291.0,1677100.0,254.5465386679387,0.3982197235886624
Pais Vasco,Spain,42.9896,-2.6189,162872,3944,16160.0,142768.0,2177880.0,7478.465296526898,2.4215334741392014
Para,Brazil,-1.9981,-54.9306,420372,10503,390166.0,16931.0,8661567.304747283,4853.301777954204,2.4985013273957355
Paraiba,Brazil,-7.24,-36.782,259173,5744,183369.0,70060.0,4018127.0,6450.094782967288,2.2162802452415953
Parana,Brazil,-25.2521,-52.0215,846105,16717,589955.0,239433.0,11433957.0,7399.931624720995,1.9757595097535177
Pasco,Peru,-10.39655,-75.307635,10983,668,0.0,10315.0,271900.0,4039.3527031997055,6.082126923427115
Pennsylvania,United States,40.81807835477612,-77.61531783850747,1035020,25089,0.0,0.0,12801989.0,8084.837442056855,2.4240111302197063
Penza Oblast,Russia,53.1655415,44.78791810000001,42019,530,38783.0,2706.0,1331655.0,3155.3968557922285,1.2613341583569337
Perak,Malaysia,4.5921,101.0901,12964,44,12563.0,357.0,2514300.0,515.610706757348,0.3394014193150262
Perlis,Malaysia,6.4449,100.2048,330,2,320.0,8.0,254600.0,129.6150824823252,0.6060606060606061
Perm Krai,Russia,58.5951603,56.3159546,51249,1956,45575.0,3718.0,2623122.0,1953.7406190028523,3.8166598372651177
Pernambuco,Brazil,-8.8137,-36.9541,349231,12175,293723.0,43333.0,9557071.0,3654.1634984191287,3.4862311764992224
Piaui,Brazil,-7.7183,-42.7289,206631,4141,201169.0,0.0,3299188.645335479,6263.085328331949,2.0040555386171484
Piemonte,Italy,45.0732745,7.680687483,309280,10308,263913.0,35059.0,4356406.0,7099.430126576815,3.3329022245214697
Piura,Peru,-5.133361,-80.335861,57548,8300,0.0,49248.0,2048000.0,2809.9609375,14.422742753875026
Poltava Oblast,Ukraine,49.5883,34.5514,55021,1153,46321.0,7547.0,1400439.0000000002,3928.839456770341,2.0955635121135567
Primorsky Krai,Russia,45.0819456,134.726645,42358,678,38697.0,2983.0,1913037.0,2214.1756798221886,1.600642145521507
Prince Edward Island,Canada,46.5107,-63.4168,159,0,145.0,14.0,164318.0,96.7635925461605,0.0
Pskov Oblast,Russia,57.5358729,28.8586826,34266,244,23527.0,10495.0,636546.0,5383.114496045848,0.712076110430164
Puducherry,India,11.882658,78.86498,41468,682,39712.0,1074.0,1413542.0,2933.6234791750085,1.644641651393846
Puebla,Mexico,19.0414,-98.2063,78194,10252,0.0,67942.0,6604451.0,1183.9591209019493,13.110980382126506
Puerto Rico,United States,18.190468826086956,-66.45498360869566,23807,0,0.0,0.0,1025717.0,2321.0105711419424,0.0
Puglia,Italy,41.12559576,16.86736689,193012,4812,141343.0,46857.0,4029053.0,4790.505361929962,2.493109236731395
Pulau Pinang,Malaysia,5.4141,100.3288,16067,21,14730.0,1316.0,1777600.0000000002,903.8591359135912,0.13070268251696024
Punjab,India,30.841465000000003,75.40879,239734,6868,209034.0,23832.0,30141373.0,795.3652277220417,2.864841866401929
Punjab,Pakistan,30.811346,72.13913199999998,223181,6427,189856.0,26898.0,110012441.99999999,202.86887186814744,2.8797254246553243
Puno,Peru,-14.995826999999998,-69.922726,25961,2501,0.0,23460.0,1238000.0,2097.011308562197,9.63368129116752
Putumayo,Colombia,0.436,-75.5277,8204,324,7732.0,148.0,348182.00000000006,2356.238978465285,3.9492930277913216
Qinghai,China,35.7452,95.9956,18,0,18.0,0.0,5923957.0,0.3038509563793255,0.0
Quebec,Canada,52.9399,-73.5491,311776,10667,291906.0,9203.0,8604495.000000002,3623.4084626698013,3.4213666221902903
Queensland,Australia,-27.4698,153.0251,1477,6,1343.0,128.0,5115499.999999999,28.87303293910664,0.4062288422477996
Queretaro,Mexico,20.5888,-100.3899,64368,3879,0.0,60489.0,2279637.0,2823.6074427639137,6.026286353467562
Quindio,Colombia,4.461,-75.6674,34536,1021,33016.0,499.0,539904.0,6396.692745376956,2.9563354181144317
Quintana Roo,Mexico,19.1817,-88.4791,21302,2496,0.0,18806.0,1723258.9999999998,1236.1461625907657,11.7172096516759
Rajasthan,India,26.583423,73.847973,333149,2818,321668.0,8663.0,81032689.0,411.12914320293635,0.8458677648739752
Reunion,France,-21.1151,55.5364,16586,115,14828.0,1643.0,895308.0000000001,1852.5468330451642,0.6933558422766188
Rheinland-Pfalz,Germany,50.1183,7.309,116799,3328,104800.0,8671.0,4098391.0,2849.874499529206,2.849339463522804
Rhode Island,United States,41.655142106,-71.464105098,124929,2596,0.0,0.0,1059361.0,11792.863811297566,2.077980292806314
Rio Grande do Norte,Brazil,-5.4026,-36.9541,197809,4548,142776.0,48978.0,3534513.1486999453,5596.499197428579,2.29918760015975
Rio Grande do Sul,Brazil,-30.0346,-51.2177,845380,19736,801198.0,24446.0,11377239.0,7430.44951415717,2.334571435330857
Rio de Janeiro,Brazil,-22.9068,-43.1729,647875,36727,599767.0,11381.0,17264943.0,3752.546417326718,5.668840439899673
Risaralda,Colombia,5.3158,-75.9928,48878,1213,46718.0,947.0,943400.9999999999,5181.041783928575,2.481689103482139
Rivne Oblast,Ukraine,50.6199,26.2516,57724,747,50901.0,6076.0,1157301.0,4987.812159498696,1.2940891137135333
Rondonia,Brazil,-11.5057,-63.5806,187270,4143,164607.0,18520.0,1777225.0,10537.21391495168,2.21231377155978
Roraima,Brazil,-2.7376,-62.0751,89853,1346,84118.0,4066.0,607980.3756827702,14778.930964522313,1.4980022926335237
Rostov Oblast,Russia,47.6222451,40.7957942,80836,3577,72661.0,4598.0,4220452.0,1915.339873549089,4.425008659508141
Ryazan Oblast,Russia,54.42267320000001,40.57052460000001,26315,366,24363.0,1586.0,1121474.0000000002,2346.465455284741,1.3908417252517575
Saarland,Germany,49.3964,7.023,31968,940,29590.0,1438.0,983991.0,3248.81020253234,2.9404404404404403
Sabah,Malaysia,5.9788,116.0753,54768,392,53870.0,506.0,3904699.9999999995,1402.6173585678798,0.7157464212678937
Sachsen,Germany,51.1045,13.2017,222287,8373,197600.0,16314.0,4056941.0000000005,5479.177537952856,3.7667519917943917
Sachsen-Anhalt,Germany,51.9503,11.6923,73326,2742,64430.0,6154.0,2180684.0,3362.5229515142955,3.7394648555764665
Saga,Japan,33.286977,130.115738,1189,13,1160.0,16.0,814711.0,145.9413215238287,1.0933557611438183
Saint Barthelemy,France,17.9,-62.8333,857,1,462.0,394.0,9885.0,8669.701568032371,0.11668611435239205
"Saint Helena, Ascension and Tristan da Cunha",United Kingdom,-7.9467,-14.3559,4,0,4.0,0.0,5661.0,70.65889418830595,0.0
Saint Petersburg,Russia,59.9606739,30.158655100000004,394631,12270,347480.0,34881.0,5351935.0,7373.613468773443,3.1092336891931955
Saint Pierre and Miquelon,France,46.8852,-56.3159,24,0,24.0,0.0,5795.000000000001,414.1501294219154,0.0
Saitama,Japan,35.997101,139.347635,32825,700,30655.0,1470.0,7349693.0,446.61729408289574,2.1325209444021325
Sakha (Yakutiya) Republic,Russia,66.941626,129.642371,33565,550,32445.0,570.0,964330.0,3480.654962512833,1.6386116490391778
Sakhalin Oblast,Russia,49.7219665,143.448533,22001,39,21662.0,300.0,490181.0,4488.342061401809,0.17726466978773692
Samara Oblast,Russia,53.2128813,50.8914633,55731,1098,52443.0,2190.0,3193514.0,1745.1309122177013,1.970178177316036
San Andres y Providencia,Colombia,12.5567,-81.7185,2758,45,2700.0,13.0,61280.0,4500.65274151436,1.6316171138506161
San Luis Potosi,Mexico,22.1565,-100.9855,60223,4993,0.0,55230.0,2866142.0,2101.186891647378,8.290852332165452
San Martin,Peru,-7.039531,-76.729127,33535,2002,0.0,31533.0,899600.0,3727.7678968430414,5.969882212613687
Santa Catarina,Brazil,-27.2423,-50.2189,806929,10885,769659.0,26385.0,7164788.0,11262.426745913486,1.3489414806011433
Santander,Colombia,6.6437,-73.6536,94452,3490,89317.0,1645.0,2184837.0,4323.068494354499,3.6949985177656375
Sao Paulo,Brazil,-23.5505,-46.6333,2469849,74652,2120478.0,274719.0,45919049.0,5378.702420426869,3.022532956468189
Saratov Oblast,Russia,51.6520555,46.86319520000001,54784,815,49483.0,4486.0,2462950.0,2224.3244889258813,1.4876606308411215
Sarawak,Malaysia,1.5533,110.3592,16390,108,13740.0,2542.0,2818100.0,581.5975302508783,0.6589383770591825
Sardegna,Italy,39.21531192,9.110616306,45503,1234,29872.0,14397.0,1639591.0000000002,2775.265294820476,2.7119091048941826
Saskatchewan,Canada,52.9399,-106.4509,33590,436,31199.0,1955.0,1179844.0,2846.986550764338,1.2980053587377196
Schleswig-Holstein,Germany,54.2194,9.6961,49996,1436,44490.0,4070.0,2910875.0,1717.5591531755915,2.8722297783822706
Scotland,United Kingdom,56.4907,-4.2026,218432,7602,0.0,210830.0,5463300.0,3998.169604451522,3.4802593026662763
Selangor,Malaysia,3.0738,101.5183,116080,332,110514.0,5234.0,6541900.0,1774.4080465919687,0.28600964851826327
Sergipe,Brazil,-10.5741,-37.3857,174600,3501,158658.0,12441.0,2298696.0,7595.610728865409,2.0051546391752577
Sevastopol*,Ukraine,44.6054,33.522,13228,562,12210.0,456.0,443210.99999999994,2984.5829638704818,4.248563652857575
Shaanxi,China,35.1917,108.8701,567,3,553.0,11.0,39528999.0,1.4343899778489206,0.5291005291005291
Shandong,China,36.3427,118.1498,870,7,862.0,1.0,101527453.0,0.8569110859109211,0.8045977011494253
Shanghai,China,31.202,121.4491,1885,7,1833.0,45.0,24870895.0,7.579140195799146,0.3713527851458886
Shanxi,China,37.5777,112.2922,241,0,240.0,1.0,34915616.0,0.690235566801972,0.0
Shiga,Japan,35.21582700000001,136.138064,2770,55,2617.0,98.0,1413943.0,195.90605844790068,1.9855595667870036
Shimane,Japan,35.07076,132.55406399999998,287,0,285.0,2.0,674346.0,42.55975419146847,0.0
Shizuoka,Japan,34.916975,138.40778400000002,5715,118,5346.0,251.0,3643528.0,156.85346729872805,2.0647419072615922
Sichuan,China,30.6171,102.7103,948,3,927.0,18.0,83674865.99999999,1.1329566993271314,0.31645569620253167
Sicilia,Italy,38.11569725,13.362356699999998,175354,4628,150806.0,19920.0,4999891.0,3507.1564560107413,2.639232637978033
Sikkim,India,27.571671,88.472712,6235,135,6053.0,47.0,690251.0,903.2945986315124,2.165196471531676
Sinaloa,Mexico,25.1721,-107.4795,36204,5707,0.0,30497.0,3156674.0,1146.9033546067792,15.763451552314661
Sindh,Pakistan,26.009446,68.77680699999999,265680,4502,256276.0,4902.0,47886051.0,554.8171011219948,1.6945197229750075
Sint Maarten,Netherlands,18.0425,-63.0548,2147,27,2078.0,42.0,42882.0,5006.762744274987,1.2575687005123428
Skane,Sweden,55.9903,13.5958,124024,1643,0.0,122381.0,1377827.0,9001.420352482568,1.3247435980132878
Smolensk Oblast,Russia,55.03434960000001,33.0192065,28168,758,26842.0,568.0,949348.0,2967.088991602658,2.690996875887532
Sonora,Mexico,29.2972,-110.3309,70488,6274,0.0,64214.0,3074745.0,2292.4827912558603,8.90080581091817
Sormland,Sweden,59.0336,16.7519,17511,420,0.0,17091.0,297540.0,5885.259124823553,2.3984923762206614
South Australia,Australia,-34.9285,138.6007,656,4,640.0,12.0,1756500.0000000002,37.346996868773125,0.6097560975609756
South Carolina,United States,33.95747213108696,-80.9833996921739,551630,9146,0.0,0.0,5148714.0,10713.937499732943,1.6579953954643512
South Dakota,United States,44.272694927272724,-99.31063618348485,117759,1935,0.0,0.0,884659.0,13311.230654975534,1.6431865080376022
St Martin,France,18.0708,-63.0501,1657,12,1399.0,246.0,38659.0,4286.194676530691,0.724200362100181
Stavropol Krai,Russia,44.86325770000001,43.4406913,50442,1227,47472.0,1743.0,2800674.0,1801.0664575741412,2.4324967289163792
Stockholm,Sweden,59.6025,18.1384,192075,4003,0.0,188072.0,2377081.0,8080.288387312001,2.0840817389040738
Sucre,Colombia,8.814,-74.7233,22914,849,21508.0,557.0,904863.0,2532.317046889971,3.705158418434145
Sumy Oblast,Ukraine,50.9077,34.7981,58193,812,49583.0,7798.0,1081418.0,5381.175456668929,1.3953568298592613
Sverdlovsk Oblast,Russia,58.6414755,61.8021546,82516,2735,75855.0,3926.0,4325255.999999998,1907.7714706366519,3.31450870134277
Tabasco,Mexico,17.8409,-92.6189,61060,3914,0.0,57146.0,2572287.0,2373.763114302564,6.410088437602359
Tacna,Peru,-17.644160999999997,-70.27756,21895,1460,0.0,20435.0,371000.0,5901.617250673855,6.668189084265815
Tamaulipas,Mexico,24.2669,-98.8363,54337,4654,0.0,49683.0,3650601.9999999995,1488.439440947,8.565066161179306
Tambov Oblast,Russia,52.9019574,41.3578918,29408,409,26886.0,2113.0,1033552.0,2845.33337461492,1.3907780195865072
Tamil Nadu,India,11.006091,78.400624,886673,12719,858075.0,15879.0,77841267.0,1139.0783246115457,1.4344634380431118
Tarapaca,Chile,-19.9232,-69.5132,28766,509,27204.0,1053.0,330558.0,8702.254974921194,1.7694500451922408
Tasmania,Australia,-42.8821,147.3272,234,13,221.0,0.0,535500.0,43.69747899159664,5.555555555555555
Tatarstan Republic,Russia,55.7648572,52.43104273,19420,417,16322.0,2681.0,3894284.0,498.67960323386785,2.1472708547888777
Telangana,India,18.1124,79.0193,308776,1701,301564.0,5511.0,39362732.0,784.4374216708331,0.5508847837914864
Tennessee,United States,35.885102212210526,-86.10872298863158,777757,11669,0.0,0.0,6829174.0,11388.741888843366,1.5003400805135796
Terengganu,Malaysia,5.3117,103.1324,3595,13,3547.0,35.0,1250100.0,287.5769938404928,0.3616133518776078
Ternopil Oblast,Ukraine,49.5535,25.5948,54080,762,44874.0,8444.0,1045879.0,5170.770232502995,1.4090236686390532
Texas,United States,31.660643442283465,-98.65306860334645,2791910,48252,0.0,0.0,28995881.0,9628.643461462681,1.7282792067079527
Thuringen,Germany,51.011,10.8453,95394,3337,82490.0,9567.0,2120237.0,4499.214002962876,3.4981235717131054
Tianjin,China,39.3054,117.323,373,3,358.0,12.0,13866009.0,2.690031428654056,0.8042895442359249
Tibet,China,31.6927,88.0924,1,0,1.0,0.0,3648100.000000006,0.027411529289219,0.0
Tlaxcala,Mexico,19.3139,-98.2404,18478,2298,0.0,16180.0,1380011.0,1338.9748342585674,12.436410866976946
Tocantins,Brazil,-10.1753,-48.2982,141913,2057,121515.0,17428.0,1583331.3187302714,8962.937720060068,1.4494796107474297
Tochigi,Japan,36.689912,139.819213,4638,70,4349.0,219.0,1933990.0,239.81509728592184,1.5092712376024149
Tokushima,Japan,33.919178,134.242091,535,18,445.0,72.0,727977.0,73.4913328305702,3.364485981308411
Tokyo,Japan,35.711343,139.446921,120986,1770,115690.0,3526.0,13920663.0,869.1109036976185,1.462979187674607
Tolima,Colombia,4.0925,-75.1545,66546,2150,63596.0,800.0,1330187.0,5002.755251705211,3.2308478345805907
Tomsk Oblast,Russia,58.6124279,82.04753149999998,31387,356,30294.0,737.0,1078280.0,2910.8394851059093,1.1342275464364227
Toscana,Italy,43.76923077,11.25588885,195374,5348,161919.0,28107.0,3729641.0,5238.413026883821,2.7373140745442077
Tottori,Japan,35.359069,133.863619,260,2,205.0,53.0,555558.0,46.79979408090604,0.7692307692307693
Toyama,Japan,36.637464,137.26934599999998,938,29,887.0,22.0,1043502.0000000001,89.88962167777349,3.091684434968017
Tripura,India,23.746783,91.743565,33517,392,33065.0,60.0,4169794.0,803.8046963471096,1.1695557478294598
Tula Oblast,Russia,53.9570701,37.3690909,36235,1545,33660.0,1030.0,1491855.0,2428.8553512238122,4.263833310335311
Tumbes,Peru,-3.857496,-80.54525500000003,13372,1124,0.0,12248.0,251500.0,5316.898608349901,8.405623691295244
Turks and Caicos Islands,United Kingdom,21.69400000000001,-71.7979,2329,17,2268.0,44.0,38718.0,6015.290045973449,0.7299270072992701
Tver Oblast,Russia,57.1134475,35.174442799999994,37394,731,35340.0,1323.0,1283872.9999999998,2912.5933795632436,1.954859068299727
Tyumen Oblast,Russia,58.8206488,70.36588370000001,33599,386,31669.0,1544.0,3692400.0,909.9501679124688,1.1488437155867735
Tyva Republic,Russia,51.4017149,93.8582593,15761,197,14907.0,657.0,321722.0,4898.950025177016,1.2499206903115285
Ucayali,Peru,-9.621718,-73.444929,26554,2249,0.0,24305.0,589100.0,4507.553895773213,8.469533780221436
Udmurt Republic,Russia,57.1961165,52.69598320000001,30672,756,27275.0,2641.0,1513043.9999999998,2027.1717147683746,2.464788732394366
Ulyanovsk Oblast,Russia,54.1463177,47.2324921,50824,969,47488.0,2367.0,1246618.0,4076.950597536695,1.9065795687076972
Umbria,Italy,43.10675841,12.38824698,50908,1256,44846.0,4806.0,882015.0,5771.783926577213,2.467195725622692
Uppsala,Sweden,60.0092,17.2715,29210,499,0.0,28711.0,383713.0,7612.46035448369,1.7083190688120506
Utah,United States,40.014400114615384,-111.46087804615385,384766,2122,0.0,0.0,3205958.0,12001.592035828291,0.551504031021452
Utrecht,Netherlands,52.084251,5.163824,99561,1190,0.0,98371.0,1354834.0,7348.575545048323,1.1952471349223088
Uttar Pradesh,India,26.925425,80.560982,617194,8811,598535.0,9848.0,237882725.00000003,259.4530561225074,1.4275900284189413
Uttarakhand,India,30.156447,79.197608,100411,1717,96831.0,1863.0,11250858.0,892.4741561932433,1.7099720150182751
Valle d'Aosta,Italy,45.73750286,7.320149366,9298,425,7971.0,902.0,125666.0,7398.978243916414,4.570875457087546
Valle del Cauca,Colombia,3.8009,-76.6413,208396,6565,197183.0,4648.0,4475886.0,4655.972024309824,3.150252404076854
Valparaiso,Chile,-33.0472,-71.6127,65910,1881,59803.0,4226.0,1815902.0,3629.601156890625,2.8538916704597175
Varmland,Sweden,59.7294,13.2354,12335,184,0.0,12151.0,282414.0,4367.701317923333,1.4916903121199838
Vasterbotten,Sweden,65.3337,16.5162,18195,168,0.0,18027.0,271736.0,6695.837136043807,0.9233305853256389
Vasternorrland,Sweden,63.4276,17.7292,17608,428,0.0,17180.0,245347.0,7176.77411991995,2.4307133121308495
Vastmanland,Sweden,59.6714,16.2159,20948,332,0.0,20616.0,275845.0,7594.119886167956,1.5848768378842848
Vastra Gotaland,Sweden,58.2528,13.0596,143550,2212,0.0,141338.0,1725880.9999999998,8317.49118276405,1.5409265064437478
Vaupes,Colombia,0.8554,-70.812,1161,13,1141.0,7.0,40797.0,2845.7974851091994,1.119724375538329
Veneto,Italy,45.43490485,12.33845213,382838,10625,333516.0,38697.0,4905854.0,7803.697378682692,2.7753253334308505
Veracruz,Mexico,19.1738,-96.1342,57794,8852,0.0,48942.0,8539862.0,676.7556665435577,15.316468837595599
Vermont,United States,44.15949579857143,-72.68438070571429,19263,227,0.0,0.0,623989.0,3087.073650336785,1.1784249597674297
Vichada,Colombia,4.4234,-69.2878,1440,23,1397.0,20.0,107808.0,1335.7079252003562,1.597222222222222
Victoria,Australia,-37.8136,144.9631,20484,820,19664.0,0.0,6629900.000000001,308.9639361076335,4.003124389767623
Vinnytsia Oblast,Ukraine,49.2331,28.4682,57101,1059,35058.0,20984.0,1560394.0,3659.3962806829554,1.8546085007267823
Virgin Islands,United States,18.3358,-64.8963,2907,26,0.0,0.0,107268.0,2710.0346794943507,0.8943928448572412
Virginia,United States,37.56615032526316,-78.51371173503759,618976,10252,0.0,0.0,8535519.0,7251.7675843730185,1.6562839270020162
Vladimir Oblast,Russia,56.0503336,40.6561633,29981,997,27038.0,1946.0,1378337.0,2175.1574542365183,3.325439444981822
Volgograd Oblast,Russia,49.6048339,44.29035820000001,53623,955,51314.0,1354.0,2521276.0,2126.8199118224265,1.7809522033455796
Vologda Oblast,Russia,60.0391461,43.1215213,42714,902,39805.0,2007.0,1176689.0,3630.0160875133533,2.1117198108348547
Volyn Oblast,Ukraine,50.7472,25.3254,46674,768,40552.0,5354.0,1035330.0000000001,4508.12784329634,1.6454557141020696
Voronezh Oblast,Russia,50.9800393,40.15065070000001,75155,2401,69769.0,2985.0,2333768.0,3220.3286702020077,3.1947308894950432
W.P. Kuala Lumpur,Malaysia,3.139,101.6869,37819,118,36631.0,1070.0,1778400.0000000002,2126.57444894287,0.31201248049922
W.P. Labuan,Malaysia,5.2831,115.2308,2327,12,2282.0,33.0,99400.0,2341.046277665996,0.5156854318865491
W.P. Putrajaya,Malaysia,2.9264,101.6964,1142,8,1102.0,32.0,105400.0,1083.4914611005693,0.7005253940455342
Wakayama,Japan,33.911879,135.505446,1287,18,1151.0,118.0,924933.0,139.1452137614292,1.3986013986013985
Wales,United Kingdom,52.1307,-3.7837,209345,5507,0.0,203838.0,3138600.0,6670.012107308991,2.6305858749910436
Wallis and Futuna,France,-14.2938,-178.1165,401,4,44.0,353.0,15289.0,2622.800706390215,0.997506234413965
Washington,United States,47.23378642,-120.7192204153846,363006,5243,0.0,0.0,7614893.0,4767.053194312776,1.4443287438775116
West Bengal,India,23.814082,87.979803,586915,10329,570811.0,5775.0,99609302.99999999,589.2170533509305,1.7598800507739623
West Virginia,United States,38.81425370672727,-80.61745451327272,141738,2676,0.0,0.0,1792147.0,7908.837835289181,1.8879905177157854
Western Australia,Australia,-31.9505,115.8605,944,9,918.0,17.0,2630600.0,35.88534934995818,0.9533898305084746
Wisconsin,United States,44.39514349486112,-89.79797998097223,636041,7315,0.0,0.0,5822434.0,10923.970971590232,1.1500830921277088
Wyoming,United States,43.086885505217396,-107.15324220434782,56310,700,0.0,0.0,578759.0,9729.438332708432,1.2431184514295863
Xinjiang,China,41.1129,85.2401,980,3,977.0,0.0,25852345.0,3.7907586333077328,0.30612244897959184
Yamagata,Japan,38.448396,140.102154,948,17,596.0,335.0,1077666.0,87.96788615396608,1.7932489451476792
Yamaguchi,Japan,34.201190000000004,131.573293,1418,43,1349.0,26.0,1358335.9999999998,104.3924330946099,3.0324400564174896
Yamalo-Nenets Autonomous Okrug,Russia,67.1471631,74.3415488,37991,407,36554.0,1030.0,538547.0,7054.35180216397,1.0713063620331131
Yamanashi,Japan,35.612364,138.61148899999998,969,19,938.0,12.0,810956.0,119.48860357405334,1.9607843137254901
Yaroslavl Oblast,Russia,57.77819760000001,39.0021095,36094,482,34427.0,1185.0,1265684.0,2851.73866462719,1.3354020058735525
Yucatan,Mexico,20.7099,-89.0943,35103,3348,0.0,31755.0,2259097.9999999995,1553.850253508259,9.537646355012393
Yukon,Canada,64.2823,-135.0,74,1,71.0,2.0,42986.0,172.1490717908156,1.3513513513513513
Yunnan,China,24.974,101.487,247,2,230.0,15.0,47209276.99999999,0.5232022511168727,0.8097165991902834
Zabaykalsky Krai,Russia,52.248521,115.956325,41050,590,39556.0,904.0,1072806.0000000002,3826.414095372322,1.4372716199756395
Zacatecas,Mexico,22.7709,-102.5832,28912,2658,0.0,26254.0,1666426.0,1734.970529744495,9.193414499169895
Zakarpattia Oblast,Ukraine,48.6208,22.2879,54045,1306,40720.0,12019.0,1256802.0,4300.200031508542,2.416504764548062
Zaporizhia Oblast,Ukraine,47.8388,35.1396,78386,1415,69207.0,7764.0,1705836.0,4595.166241068895,1.8051692904345162
Zeeland,Netherlands,51.47936,3.861559,20788,222,0.0,20566.0,383488.0,5420.769359145527,1.067923802193573
Zhytomyr Oblast,Ukraine,50.2547,28.6587,71032,1202,51438.0,18392.0,1220193.0,5821.374159661627,1.692195067012051
Zuid-Holland,Netherlands,51.937835,4.462114,300189,3994,0.0,296195.0,3708696.0,8094.192675808425,1.330495121406847
